2026.03.11 22:10:23 INFO  Started: Metals version 1.6.6 in folders 'C:\Project\spring.boot.redelog-api' for client Visual Studio Code 1.111.0.
2026.03.11 22:10:23 INFO  Memory monitor started
2026.03.11 22:10:23 WARN  Using H2 2.4.240 which is newer than the version Flyway has been verified with. The latest verified version of H2 is 2.3.232.
2026.03.11 22:10:24 INFO  no build target found for C:\Project\spring.boot.redelog-api\src\main\java\com\redelog\api\model\Motorista.java. Using fallback presentation compiler.
2026.03.11 22:10:43 INFO  no build target found for C:\Project\spring.boot.redelog-api\src\main\java\com\redelog\api\model\filiais.java. Using fallback presentation compiler.
2026.03.11 22:10:43 INFO  no build target found for C:\Project\spring.boot.redelog-api\src\main\java\com\redelog\api\model\filiais.java. Using fallback presentation compiler.
mar. 11, 2026 10:10:43 PM org.eclipse.lsp4j.jsonrpc.RemoteEndpoint handleCancellation
ADVERTÊNCIA: Unmatched cancel notification for request id 14
2026.03.11 22:10:43 INFO  no build target found for C:\Project\spring.boot.redelog-api\src\main\java\com\redelog\api\model\filiais.java. Using fallback presentation compiler.
2026.03.11 22:10:44 WARN  no build target for: C:\Project\spring.boot.redelog-api\src\main\java\com\redelog\api\model\filiais.java
2026.03.11 22:11:12 INFO  no build target found for C:\Project\spring.boot.redelog-api\src\main\java\com\redelog\api\model\Motorista.java. Using fallback presentation compiler.
2026.03.11 22:11:12 INFO  no build target found for C:\Project\spring.boot.redelog-api\src\main\java\com\redelog\api\model\Cliente.java. Using fallback presentation compiler.
2026.03.11 22:11:12 INFO  no build target found for C:\Project\spring.boot.redelog-api\src\main\java\com\redelog\api\model\Cliente.java. Using fallback presentation compiler.
2026.03.11 22:11:14 INFO  no build target found for C:\Project\spring.boot.redelog-api\src\main\java\com\redelog\api\model\Cliente.java. Using fallback presentation compiler.
2026.03.11 22:11:20 INFO  no build target found for C:\Project\spring.boot.redelog-api\src\main\java\com\redelog\api\model\Cliente.java. Using fallback presentation compiler.
2026.03.11 22:11:22 INFO  no build target found for C:\Project\spring.boot.redelog-api\src\main\java\com\redelog\api\model\Cliente.java. Using fallback presentation compiler.
2026.03.11 22:11:24 INFO  no build target found for C:\Project\spring.boot.redelog-api\src\main\java\com\redelog\api\model\Cliente.java. Using fallback presentation compiler.
2026.03.11 22:11:24 INFO  no build target found for C:\Project\spring.boot.redelog-api\src\main\java\com\redelog\api\model\Cliente.java. Using fallback presentation compiler.
2026.03.11 22:11:24 INFO  no build target found for C:\Project\spring.boot.redelog-api\src\main\java\com\redelog\api\model\Cliente.java. Using fallback presentation compiler.
2026.03.11 22:11:24 INFO  no build target found for C:\Project\spring.boot.redelog-api\src\main\java\com\redelog\api\model\Cliente.java. Using fallback presentation compiler.
2026.03.11 22:11:24 INFO  no build target found for C:\Project\spring.boot.redelog-api\src\main\java\com\redelog\api\model\Cliente.java. Using fallback presentation compiler.
2026.03.11 22:11:25 INFO  no build target found for C:\Project\spring.boot.redelog-api\src\main\java\com\redelog\api\model\Cliente.java. Using fallback presentation compiler.
2026.03.11 22:11:26 WARN  no build target for: C:\Project\spring.boot.redelog-api\src\main\java\com\redelog\api\model\Cliente.java
2026.03.11 22:11:27 INFO  no build target found for C:\Project\spring.boot.redelog-api\src\main\java\com\redelog\api\model\Cliente.java. Using fallback presentation compiler.
2026.03.11 22:11:27 INFO  no build target found for C:\Project\spring.boot.redelog-api\src\main\java\com\redelog\api\model\Cliente.java. Using fallback presentation compiler.
2026.03.11 22:11:28 WARN  no build target for: C:\Project\spring.boot.redelog-api\src\main\java\com\redelog\api\model\Cliente.java
2026.03.11 22:11:52 INFO  no build target found for C:\Project\spring.boot.redelog-api\src\main\java\com\redelog\api\model\Cliente.java. Using fallback presentation compiler.
2026.03.11 22:11:53 WARN  no build target for: C:\Project\spring.boot.redelog-api\src\main\java\com\redelog\api\model\Cliente.java
2026.03.11 22:11:54 INFO  no build target found for C:\Project\spring.boot.redelog-api\src\main\java\com\redelog\api\model\Cliente.java. Using fallback presentation compiler.
2026.03.11 22:11:54 INFO  no build target found for C:\Project\spring.boot.redelog-api\src\main\java\com\redelog\api\model\Cliente.java. Using fallback presentation compiler.
2026.03.11 22:11:54 INFO  no build target found for C:\Project\spring.boot.redelog-api\src\main\java\com\redelog\api\model\Cliente.java. Using fallback presentation compiler.
2026.03.11 22:11:54 INFO  no build target found for C:\Project\spring.boot.redelog-api\src\main\java\com\redelog\api\model\Cliente.java. Using fallback presentation compiler.
2026.03.11 22:11:55 INFO  no build target found for C:\Project\spring.boot.redelog-api\src\main\java\com\redelog\api\model\Cliente.java. Using fallback presentation compiler.
2026.03.11 22:11:55 INFO  no build target found for C:\Project\spring.boot.redelog-api\src\main\java\com\redelog\api\model\Cliente.java. Using fallback presentation compiler.
2026.03.11 22:11:56 WARN  no build target for: C:\Project\spring.boot.redelog-api\src\main\java\com\redelog\api\model\Cliente.java
2026.03.11 22:11:56 WARN  Running javac-semanticdb failed for file:///C:/Project/spring.boot.redelog-api/src/main/java/com/redelog/api/model/Cliente.java. Output:

2026.03.11 22:11:56 INFO  Created report: Optional[file:///C:/Project/spring.boot.redelog-api/src/main/java/com/redelog/api/model/Cliente.java]
2026.03.11 22:11:56 INFO  QDox parse error in file:///C:/Project/spring.boot.redelog-api/src/main/java/com/redelog/api/model/Cliente.java (full report at: "C:\Project\spring.boot.redelog-api\.metals\.reports\metals-full\2026-03-11\r_qdox-error_22-11-56-124.md")
2026.03.11 22:11:55 INFO  no build target found for C:\Project\spring.boot.redelog-api\src\main\java\com\redelog\api\model\Cliente.java. Using fallback presentation compiler.
2026.03.11 22:11:55 INFO  no build target found for C:\Project\spring.boot.redelog-api\src\main\java\com\redelog\api\model\Cliente.java. Using fallback presentation compiler.
2026.03.11 22:11:57 WARN  no build target for: C:\Project\spring.boot.redelog-api\src\main\java\com\redelog\api\model\Cliente.java
2026.03.11 22:12:02 INFO  no build target found for C:\Project\spring.boot.redelog-api\src\main\java\com\redelog\api\model\Cliente.java. Using fallback presentation compiler.
2026.03.11 22:12:02 INFO  no build target found for C:\Project\spring.boot.redelog-api\src\main\java\com\redelog\api\model\Cliente.java. Using fallback presentation compiler.
2026.03.11 22:12:02 INFO  no build target found for C:\Project\spring.boot.redelog-api\src\main\java\com\redelog\api\model\Cliente.java. Using fallback presentation compiler.
2026.03.11 22:12:02 INFO  no build target found for C:\Project\spring.boot.redelog-api\src\main\java\com\redelog\api\model\Cliente.java. Using fallback presentation compiler.
2026.03.11 22:12:02 INFO  no build target found for C:\Project\spring.boot.redelog-api\src\main\java\com\redelog\api\model\Cliente.java. Using fallback presentation compiler.
2026.03.11 22:12:03 INFO  no build target found for C:\Project\spring.boot.redelog-api\src\main\java\com\redelog\api\model\Cliente.java. Using fallback presentation compiler.
2026.03.11 22:12:04 WARN  no build target for: C:\Project\spring.boot.redelog-api\src\main\java\com\redelog\api\model\Cliente.java
2026.03.11 22:12:04 INFO  QDox parse error in file:///C:/Project/spring.boot.redelog-api/src/main/java/com/redelog/api/model/Cliente.java (full report at: "C:\Project\spring.boot.redelog-api\.metals\.reports\metals-full\2026-03-11\r_qdox-error_22-11-56-124.md")
2026.03.11 22:12:04 WARN  Running javac-semanticdb failed for file:///C:/Project/spring.boot.redelog-api/src/main/java/com/redelog/api/model/Cliente.java. Output:

2026.03.11 22:12:04 INFO  no build target found for C:\Project\spring.boot.redelog-api\src\main\java\com\redelog\api\model\Cliente.java. Using fallback presentation compiler.
2026.03.11 22:12:04 INFO  no build target found for C:\Project\spring.boot.redelog-api\src\main\java\com\redelog\api\model\Cliente.java. Using fallback presentation compiler.
2026.03.11 22:12:04 INFO  no build target found for C:\Project\spring.boot.redelog-api\src\main\java\com\redelog\api\model\Cliente.java. Using fallback presentation compiler.
2026.03.11 22:12:04 INFO  no build target found for C:\Project\spring.boot.redelog-api\src\main\java\com\redelog\api\model\Cliente.java. Using fallback presentation compiler.
2026.03.11 22:12:05 WARN  no build target for: C:\Project\spring.boot.redelog-api\src\main\java\com\redelog\api\model\Cliente.java
2026.03.11 22:12:05 INFO  QDox parse error in file:///C:/Project/spring.boot.redelog-api/src/main/java/com/redelog/api/model/Cliente.java (full report at: "C:\Project\spring.boot.redelog-api\.metals\.reports\metals-full\2026-03-11\r_qdox-error_22-11-56-124.md")
2026.03.11 22:12:05 WARN  Running javac-semanticdb failed for file:///C:/Project/spring.boot.redelog-api/src/main/java/com/redelog/api/model/Cliente.java. Output:

2026.03.11 22:12:06 INFO  no build target found for C:\Project\spring.boot.redelog-api\src\main\java\com\redelog\api\model\Cliente.java. Using fallback presentation compiler.
2026.03.11 22:12:06 INFO  no build target found for C:\Project\spring.boot.redelog-api\src\main\java\com\redelog\api\model\Cliente.java. Using fallback presentation compiler.
2026.03.11 22:12:07 WARN  no build target for: C:\Project\spring.boot.redelog-api\src\main\java\com\redelog\api\model\Cliente.java
2026.03.11 22:12:08 INFO  QDox parse error in file:///C:/Project/spring.boot.redelog-api/src/main/java/com/redelog/api/model/Cliente.java (full report at: "C:\Project\spring.boot.redelog-api\.metals\.reports\metals-full\2026-03-11\r_qdox-error_22-11-56-124.md")
2026.03.11 22:12:08 WARN  Running javac-semanticdb failed for file:///C:/Project/spring.boot.redelog-api/src/main/java/com/redelog/api/model/Cliente.java. Output:

2026.03.11 22:12:21 INFO  no build target found for C:\Project\spring.boot.redelog-api\src\main\java\com\redelog\api\model\Cliente.java. Using fallback presentation compiler.
2026.03.11 22:12:21 INFO  no build target found for C:\Project\spring.boot.redelog-api\src\main\java\com\redelog\api\model\Cliente.java. Using fallback presentation compiler.
2026.03.11 22:12:21 INFO  no build target found for C:\Project\spring.boot.redelog-api\src\main\java\com\redelog\api\model\Cliente.java. Using fallback presentation compiler.
2026.03.11 22:12:21 INFO  no build target found for C:\Project\spring.boot.redelog-api\src\main\java\com\redelog\api\model\Cliente.java. Using fallback presentation compiler.
2026.03.11 22:12:21 INFO  no build target found for C:\Project\spring.boot.redelog-api\src\main\java\com\redelog\api\model\Cliente.java. Using fallback presentation compiler.
2026.03.11 22:12:23 WARN  no build target for: C:\Project\spring.boot.redelog-api\src\main\java\com\redelog\api\model\Cliente.java
2026.03.11 22:12:23 INFO  QDox parse error in file:///C:/Project/spring.boot.redelog-api/src/main/java/com/redelog/api/model/Cliente.java (full report at: "C:\Project\spring.boot.redelog-api\.metals\.reports\metals-full\2026-03-11\r_qdox-error_22-11-56-124.md")
2026.03.11 22:12:23 WARN  Running javac-semanticdb failed for file:///C:/Project/spring.boot.redelog-api/src/main/java/com/redelog/api/model/Cliente.java. Output:

2026.03.11 22:12:23 INFO  no build target found for C:\Project\spring.boot.redelog-api\src\main\java\com\redelog\api\model\Cliente.java. Using fallback presentation compiler.
2026.03.11 22:12:23 INFO  no build target found for C:\Project\spring.boot.redelog-api\src\main\java\com\redelog\api\model\Cliente.java. Using fallback presentation compiler.
2026.03.11 22:12:23 INFO  no build target found for C:\Project\spring.boot.redelog-api\src\main\java\com\redelog\api\model\Cliente.java. Using fallback presentation compiler.
2026.03.11 22:12:23 INFO  no build target found for C:\Project\spring.boot.redelog-api\src\main\java\com\redelog\api\model\Cliente.java. Using fallback presentation compiler.
2026.03.11 22:12:24 WARN  no build target for: C:\Project\spring.boot.redelog-api\src\main\java\com\redelog\api\model\Cliente.java
2026.03.11 22:12:24 INFO  QDox parse error in file:///C:/Project/spring.boot.redelog-api/src/main/java/com/redelog/api/model/Cliente.java (full report at: "C:\Project\spring.boot.redelog-api\.metals\.reports\metals-full\2026-03-11\r_qdox-error_22-11-56-124.md")
2026.03.11 22:12:24 WARN  Running javac-semanticdb failed for file:///C:/Project/spring.boot.redelog-api/src/main/java/com/redelog/api/model/Cliente.java. Output:

2026.03.11 22:12:25 INFO  no build target found for C:\Project\spring.boot.redelog-api\src\main\java\com\redelog\api\model\Cliente.java. Using fallback presentation compiler.
2026.03.11 22:12:25 INFO  no build target found for C:\Project\spring.boot.redelog-api\src\main\java\com\redelog\api\model\Cliente.java. Using fallback presentation compiler.
2026.03.11 22:12:26 INFO  no build target found for C:\Project\spring.boot.redelog-api\src\main\java\com\redelog\api\model\Cliente.java. Using fallback presentation compiler.
2026.03.11 22:12:26 INFO  no build target found for C:\Project\spring.boot.redelog-api\src\main\java\com\redelog\api\model\Cliente.java. Using fallback presentation compiler.
2026.03.11 22:12:26 INFO  no build target found for C:\Project\spring.boot.redelog-api\src\main\java\com\redelog\api\model\Cliente.java. Using fallback presentation compiler.
2026.03.11 22:12:26 INFO  no build target found for C:\Project\spring.boot.redelog-api\src\main\java\com\redelog\api\model\Cliente.java. Using fallback presentation compiler.
2026.03.11 22:12:26 INFO  no build target found for C:\Project\spring.boot.redelog-api\src\main\java\com\redelog\api\model\Cliente.java. Using fallback presentation compiler.
2026.03.11 22:12:27 WARN  no build target for: C:\Project\spring.boot.redelog-api\src\main\java\com\redelog\api\model\Cliente.java
2026.03.11 22:12:27 INFO  QDox parse error in file:///C:/Project/spring.boot.redelog-api/src/main/java/com/redelog/api/model/Cliente.java (full report at: "C:\Project\spring.boot.redelog-api\.metals\.reports\metals-full\2026-03-11\r_qdox-error_22-11-56-124.md")
2026.03.11 22:12:27 WARN  Running javac-semanticdb failed for file:///C:/Project/spring.boot.redelog-api/src/main/java/com/redelog/api/model/Cliente.java. Output:

2026.03.11 22:12:28 INFO  no build target found for C:\Project\spring.boot.redelog-api\src\main\java\com\redelog\api\model\Cliente.java. Using fallback presentation compiler.
2026.03.11 22:12:28 INFO  no build target found for C:\Project\spring.boot.redelog-api\src\main\java\com\redelog\api\model\Cliente.java. Using fallback presentation compiler.
2026.03.11 22:12:30 INFO  no build target found for C:\Project\spring.boot.redelog-api\src\main\java\com\redelog\api\model\Cliente.java. Using fallback presentation compiler.
2026.03.11 22:12:30 INFO  no build target found for C:\Project\spring.boot.redelog-api\src\main\java\com\redelog\api\model\Cliente.java. Using fallback presentation compiler.
2026.03.11 22:12:30 INFO  no build target found for C:\Project\spring.boot.redelog-api\src\main\java\com\redelog\api\model\Cliente.java. Using fallback presentation compiler.
2026.03.11 22:12:30 INFO  no build target found for C:\Project\spring.boot.redelog-api\src\main\java\com\redelog\api\model\Cliente.java. Using fallback presentation compiler.
2026.03.11 22:12:30 INFO  no build target found for C:\Project\spring.boot.redelog-api\src\main\java\com\redelog\api\model\Cliente.java. Using fallback presentation compiler.
2026.03.11 22:12:30 INFO  no build target found for C:\Project\spring.boot.redelog-api\src\main\java\com\redelog\api\model\Cliente.java. Using fallback presentation compiler.
2026.03.11 22:12:34 INFO  no build target found for C:\Project\spring.boot.redelog-api\src\main\java\com\redelog\api\model\Cliente.java. Using fallback presentation compiler.
2026.03.11 22:12:34 INFO  no build target found for C:\Project\spring.boot.redelog-api\src\main\java\com\redelog\api\model\Cliente.java. Using fallback presentation compiler.
2026.03.11 22:12:36 INFO  no build target found for C:\Project\spring.boot.redelog-api\src\main\java\com\redelog\api\model\Cliente.java. Using fallback presentation compiler.
2026.03.11 22:12:36 INFO  no build target found for C:\Project\spring.boot.redelog-api\src\main\java\com\redelog\api\model\Cliente.java. Using fallback presentation compiler.
2026.03.11 22:12:36 INFO  no build target found for C:\Project\spring.boot.redelog-api\src\main\java\com\redelog\api\model\Cliente.java. Using fallback presentation compiler.
2026.03.11 22:12:36 INFO  no build target found for C:\Project\spring.boot.redelog-api\src\main\java\com\redelog\api\model\Cliente.java. Using fallback presentation compiler.
2026.03.11 22:12:36 INFO  no build target found for C:\Project\spring.boot.redelog-api\src\main\java\com\redelog\api\model\Cliente.java. Using fallback presentation compiler.
2026.03.11 22:12:36 INFO  no build target found for C:\Project\spring.boot.redelog-api\src\main\java\com\redelog\api\model\Cliente.java. Using fallback presentation compiler.
2026.03.11 22:12:36 INFO  no build target found for C:\Project\spring.boot.redelog-api\src\main\java\com\redelog\api\model\Cliente.java. Using fallback presentation compiler.
2026.03.11 22:12:37 INFO  no build target found for C:\Project\spring.boot.redelog-api\src\main\java\com\redelog\api\model\Cliente.java. Using fallback presentation compiler.
2026.03.11 22:12:37 INFO  no build target found for C:\Project\spring.boot.redelog-api\src\main\java\com\redelog\api\model\Cliente.java. Using fallback presentation compiler.
2026.03.11 22:12:37 INFO  no build target found for C:\Project\spring.boot.redelog-api\src\main\java\com\redelog\api\model\Cliente.java. Using fallback presentation compiler.
2026.03.11 22:12:37 INFO  no build target found for C:\Project\spring.boot.redelog-api\src\main\java\com\redelog\api\model\Cliente.java. Using fallback presentation compiler.
2026.03.11 22:12:38 INFO  no build target found for C:\Project\spring.boot.redelog-api\src\main\java\com\redelog\api\model\Cliente.java. Using fallback presentation compiler.
2026.03.11 22:12:38 INFO  no build target found for C:\Project\spring.boot.redelog-api\src\main\java\com\redelog\api\model\Cliente.java. Using fallback presentation compiler.
2026.03.11 22:12:38 INFO  no build target found for C:\Project\spring.boot.redelog-api\src\main\java\com\redelog\api\model\Cliente.java. Using fallback presentation compiler.
2026.03.11 22:12:38 INFO  no build target found for C:\Project\spring.boot.redelog-api\src\main\java\com\redelog\api\model\Cliente.java. Using fallback presentation compiler.
2026.03.11 22:12:38 INFO  no build target found for C:\Project\spring.boot.redelog-api\src\main\java\com\redelog\api\model\Cliente.java. Using fallback presentation compiler.
2026.03.11 22:12:38 INFO  no build target found for C:\Project\spring.boot.redelog-api\src\main\java\com\redelog\api\model\Cliente.java. Using fallback presentation compiler.
2026.03.11 22:12:38 INFO  no build target found for C:\Project\spring.boot.redelog-api\src\main\java\com\redelog\api\model\Cliente.java. Using fallback presentation compiler.
2026.03.11 22:12:39 INFO  no build target found for C:\Project\spring.boot.redelog-api\src\main\java\com\redelog\api\model\Cliente.java. Using fallback presentation compiler.
2026.03.11 22:12:39 INFO  no build target found for C:\Project\spring.boot.redelog-api\src\main\java\com\redelog\api\model\Cliente.java. Using fallback presentation compiler.
2026.03.11 22:12:39 INFO  no build target found for C:\Project\spring.boot.redelog-api\src\main\java\com\redelog\api\model\Cliente.java. Using fallback presentation compiler.
2026.03.11 22:12:39 INFO  no build target found for C:\Project\spring.boot.redelog-api\src\main\java\com\redelog\api\model\Cliente.java. Using fallback presentation compiler.
2026.03.11 22:12:39 INFO  no build target found for C:\Project\spring.boot.redelog-api\src\main\java\com\redelog\api\model\Cliente.java. Using fallback presentation compiler.
2026.03.11 22:12:39 INFO  no build target found for C:\Project\spring.boot.redelog-api\src\main\java\com\redelog\api\model\Cliente.java. Using fallback presentation compiler.
2026.03.11 22:12:41 WARN  no build target for: C:\Project\spring.boot.redelog-api\src\main\java\com\redelog\api\model\Cliente.java
2026.03.11 22:12:41 INFO  QDox parse error in file:///C:/Project/spring.boot.redelog-api/src/main/java/com/redelog/api/model/Cliente.java (full report at: "C:\Project\spring.boot.redelog-api\.metals\.reports\metals-full\2026-03-11\r_qdox-error_22-11-56-124.md")
2026.03.11 22:12:41 WARN  Running javac-semanticdb failed for file:///C:/Project/spring.boot.redelog-api/src/main/java/com/redelog/api/model/Cliente.java. Output:

2026.03.11 22:12:42 INFO  no build target found for C:\Project\spring.boot.redelog-api\src\main\java\com\redelog\api\model\Cliente.java. Using fallback presentation compiler.
2026.03.11 22:12:42 INFO  no build target found for C:\Project\spring.boot.redelog-api\src\main\java\com\redelog\api\model\Cliente.java. Using fallback presentation compiler.
2026.03.11 22:12:42 INFO  no build target found for C:\Project\spring.boot.redelog-api\src\main\java\com\redelog\api\model\Cliente.java. Using fallback presentation compiler.
2026.03.11 22:12:42 INFO  no build target found for C:\Project\spring.boot.redelog-api\src\main\java\com\redelog\api\model\Cliente.java. Using fallback presentation compiler.
2026.03.11 22:12:42 INFO  no build target found for C:\Project\spring.boot.redelog-api\src\main\java\com\redelog\api\model\Cliente.java. Using fallback presentation compiler.
2026.03.11 22:12:42 INFO  no build target found for C:\Project\spring.boot.redelog-api\src\main\java\com\redelog\api\model\Cliente.java. Using fallback presentation compiler.
2026.03.11 22:12:42 INFO  no build target found for C:\Project\spring.boot.redelog-api\src\main\java\com\redelog\api\model\Cliente.java. Using fallback presentation compiler.
2026.03.11 22:12:43 INFO  no build target found for C:\Project\spring.boot.redelog-api\src\main\java\com\redelog\api\model\Cliente.java. Using fallback presentation compiler.
2026.03.11 22:12:43 INFO  no build target found for C:\Project\spring.boot.redelog-api\src\main\java\com\redelog\api\model\Cliente.java. Using fallback presentation compiler.
2026.03.11 22:12:43 INFO  no build target found for C:\Project\spring.boot.redelog-api\src\main\java\com\redelog\api\model\Cliente.java. Using fallback presentation compiler.
2026.03.11 22:12:43 INFO  no build target found for C:\Project\spring.boot.redelog-api\src\main\java\com\redelog\api\model\Cliente.java. Using fallback presentation compiler.
2026.03.11 22:12:44 WARN  no build target for: C:\Project\spring.boot.redelog-api\src\main\java\com\redelog\api\model\Cliente.java
2026.03.11 22:12:45 INFO  no build target found for C:\Project\spring.boot.redelog-api\src\main\java\com\redelog\api\model\Cliente.java. Using fallback presentation compiler.
2026.03.11 22:12:45 INFO  no build target found for C:\Project\spring.boot.redelog-api\src\main\java\com\redelog\api\model\Cliente.java. Using fallback presentation compiler.
2026.03.11 22:12:45 INFO  no build target found for C:\Project\spring.boot.redelog-api\src\main\java\com\redelog\api\model\Cliente.java. Using fallback presentation compiler.
2026.03.11 22:12:45 INFO  no build target found for C:\Project\spring.boot.redelog-api\src\main\java\com\redelog\api\model\Cliente.java. Using fallback presentation compiler.
2026.03.11 22:12:45 INFO  no build target found for C:\Project\spring.boot.redelog-api\src\main\java\com\redelog\api\model\Cliente.java. Using fallback presentation compiler.
2026.03.11 22:12:48 INFO  no build target found for C:\Project\spring.boot.redelog-api\src\main\java\com\redelog\api\model\Cliente.java. Using fallback presentation compiler.
2026.03.11 22:12:49 INFO  no build target found for C:\Project\spring.boot.redelog-api\src\main\java\com\redelog\api\model\Cliente.java. Using fallback presentation compiler.
2026.03.11 22:12:49 INFO  no build target found for C:\Project\spring.boot.redelog-api\src\main\java\com\redelog\api\model\Cliente.java. Using fallback presentation compiler.
2026.03.11 22:12:49 INFO  no build target found for C:\Project\spring.boot.redelog-api\src\main\java\com\redelog\api\model\Cliente.java. Using fallback presentation compiler.
2026.03.11 22:12:51 INFO  no build target found for C:\Project\spring.boot.redelog-api\src\main\java\com\redelog\api\model\Cliente.java. Using fallback presentation compiler.
2026.03.11 22:12:51 INFO  no build target found for C:\Project\spring.boot.redelog-api\src\main\java\com\redelog\api\model\Cliente.java. Using fallback presentation compiler.
2026.03.11 22:12:51 INFO  no build target found for C:\Project\spring.boot.redelog-api\src\main\java\com\redelog\api\model\Cliente.java. Using fallback presentation compiler.
2026.03.11 22:12:52 INFO  no build target found for C:\Project\spring.boot.redelog-api\src\main\java\com\redelog\api\model\Cliente.java. Using fallback presentation compiler.
2026.03.11 22:12:52 INFO  no build target found for C:\Project\spring.boot.redelog-api\src\main\java\com\redelog\api\model\Cliente.java. Using fallback presentation compiler.
2026.03.11 22:12:52 INFO  no build target found for C:\Project\spring.boot.redelog-api\src\main\java\com\redelog\api\model\Cliente.java. Using fallback presentation compiler.
2026.03.11 22:12:52 INFO  no build target found for C:\Project\spring.boot.redelog-api\src\main\java\com\redelog\api\model\Cliente.java. Using fallback presentation compiler.
2026.03.11 22:12:52 INFO  no build target found for C:\Project\spring.boot.redelog-api\src\main\java\com\redelog\api\model\Cliente.java. Using fallback presentation compiler.
2026.03.11 22:12:52 INFO  no build target found for C:\Project\spring.boot.redelog-api\src\main\java\com\redelog\api\model\Cliente.java. Using fallback presentation compiler.
2026.03.11 22:12:52 INFO  no build target found for C:\Project\spring.boot.redelog-api\src\main\java\com\redelog\api\model\Cliente.java. Using fallback presentation compiler.
2026.03.11 22:12:53 INFO  no build target found for C:\Project\spring.boot.redelog-api\src\main\java\com\redelog\api\model\Cliente.java. Using fallback presentation compiler.
2026.03.11 22:12:53 INFO  no build target found for C:\Project\spring.boot.redelog-api\src\main\java\com\redelog\api\model\Cliente.java. Using fallback presentation compiler.
2026.03.11 22:12:53 INFO  no build target found for C:\Project\spring.boot.redelog-api\src\main\java\com\redelog\api\model\Cliente.java. Using fallback presentation compiler.
2026.03.11 22:12:53 INFO  no build target found for C:\Project\spring.boot.redelog-api\src\main\java\com\redelog\api\model\Cliente.java. Using fallback presentation compiler.
2026.03.11 22:12:53 INFO  no build target found for C:\Project\spring.boot.redelog-api\src\main\java\com\redelog\api\model\Cliente.java. Using fallback presentation compiler.
2026.03.11 22:12:54 INFO  no build target found for C:\Project\spring.boot.redelog-api\src\main\java\com\redelog\api\model\Cliente.java. Using fallback presentation compiler.
2026.03.11 22:12:54 INFO  no build target found for C:\Project\spring.boot.redelog-api\src\main\java\com\redelog\api\model\Cliente.java. Using fallback presentation compiler.
mar. 11, 2026 10:12:54 PM org.eclipse.lsp4j.jsonrpc.RemoteEndpoint handleCancellation
ADVERTÊNCIA: Unmatched cancel notification for request id 249
2026.03.11 22:12:54 INFO  no build target found for C:\Project\spring.boot.redelog-api\src\main\java\com\redelog\api\model\Cliente.java. Using fallback presentation compiler.
2026.03.11 22:12:54 INFO  no build target found for C:\Project\spring.boot.redelog-api\src\main\java\com\redelog\api\model\Cliente.java. Using fallback presentation compiler.
2026.03.11 22:12:54 INFO  no build target found for C:\Project\spring.boot.redelog-api\src\main\java\com\redelog\api\model\Cliente.java. Using fallback presentation compiler.
2026.03.11 22:12:54 INFO  no build target found for C:\Project\spring.boot.redelog-api\src\main\java\com\redelog\api\model\Cliente.java. Using fallback presentation compiler.
2026.03.11 22:12:55 INFO  no build target found for C:\Project\spring.boot.redelog-api\src\main\java\com\redelog\api\model\Cliente.java. Using fallback presentation compiler.
2026.03.11 22:12:55 INFO  no build target found for C:\Project\spring.boot.redelog-api\src\main\java\com\redelog\api\model\Cliente.java. Using fallback presentation compiler.
2026.03.11 22:12:56 INFO  no build target found for C:\Project\spring.boot.redelog-api\src\main\java\com\redelog\api\model\Cliente.java. Using fallback presentation compiler.
2026.03.11 22:12:56 INFO  no build target found for C:\Project\spring.boot.redelog-api\src\main\java\com\redelog\api\model\Cliente.java. Using fallback presentation compiler.
2026.03.11 22:12:56 INFO  no build target found for C:\Project\spring.boot.redelog-api\src\main\java\com\redelog\api\model\Cliente.java. Using fallback presentation compiler.
2026.03.11 22:12:56 INFO  no build target found for C:\Project\spring.boot.redelog-api\src\main\java\com\redelog\api\model\Cliente.java. Using fallback presentation compiler.
2026.03.11 22:12:56 INFO  no build target found for C:\Project\spring.boot.redelog-api\src\main\java\com\redelog\api\model\Cliente.java. Using fallback presentation compiler.
2026.03.11 22:12:56 INFO  no build target found for C:\Project\spring.boot.redelog-api\src\main\java\com\redelog\api\model\Cliente.java. Using fallback presentation compiler.
2026.03.11 22:12:56 INFO  no build target found for C:\Project\spring.boot.redelog-api\src\main\java\com\redelog\api\model\Cliente.java. Using fallback presentation compiler.
2026.03.11 22:12:56 INFO  no build target found for C:\Project\spring.boot.redelog-api\src\main\java\com\redelog\api\model\Cliente.java. Using fallback presentation compiler.
2026.03.11 22:12:56 INFO  no build target found for C:\Project\spring.boot.redelog-api\src\main\java\com\redelog\api\model\Cliente.java. Using fallback presentation compiler.
2026.03.11 22:12:58 INFO  no build target found for C:\Project\spring.boot.redelog-api\src\main\java\com\redelog\api\model\Cliente.java. Using fallback presentation compiler.
2026.03.11 22:12:58 WARN  no build target for: C:\Project\spring.boot.redelog-api\src\main\java\com\redelog\api\model\Cliente.java
2026.03.11 22:12:58 INFO  QDox parse error in file:///C:/Project/spring.boot.redelog-api/src/main/java/com/redelog/api/model/Cliente.java (full report at: "C:\Project\spring.boot.redelog-api\.metals\.reports\metals-full\2026-03-11\r_qdox-error_22-11-56-124.md")
2026.03.11 22:12:58 WARN  Running javac-semanticdb failed for file:///C:/Project/spring.boot.redelog-api/src/main/java/com/redelog/api/model/Cliente.java. Output:

2026.03.11 22:12:58 INFO  no build target found for C:\Project\spring.boot.redelog-api\src\main\java\com\redelog\api\model\Cliente.java. Using fallback presentation compiler.
2026.03.11 22:12:58 INFO  no build target found for C:\Project\spring.boot.redelog-api\src\main\java\com\redelog\api\model\Cliente.java. Using fallback presentation compiler.
2026.03.11 22:12:59 INFO  no build target found for C:\Project\spring.boot.redelog-api\src\main\java\com\redelog\api\model\Cliente.java. Using fallback presentation compiler.
2026.03.11 22:12:59 INFO  no build target found for C:\Project\spring.boot.redelog-api\src\main\java\com\redelog\api\model\Cliente.java. Using fallback presentation compiler.
2026.03.11 22:13:00 INFO  no build target found for C:\Project\spring.boot.redelog-api\src\main\java\com\redelog\api\model\Cliente.java. Using fallback presentation compiler.
2026.03.11 22:13:00 WARN  no build target for: C:\Project\spring.boot.redelog-api\src\main\java\com\redelog\api\model\Cliente.java
2026.03.11 22:13:00 INFO  no build target found for C:\Project\spring.boot.redelog-api\src\main\java\com\redelog\api\model\Cliente.java. Using fallback presentation compiler.
2026.03.11 22:13:00 INFO  no build target found for C:\Project\spring.boot.redelog-api\src\main\java\com\redelog\api\model\Cliente.java. Using fallback presentation compiler.
2026.03.11 22:13:00 INFO  no build target found for C:\Project\spring.boot.redelog-api\src\main\java\com\redelog\api\model\Cliente.java. Using fallback presentation compiler.
2026.03.11 22:13:01 WARN  no build target for: C:\Project\spring.boot.redelog-api\src\main\java\com\redelog\api\model\Cliente.java
2026.03.11 22:13:01 INFO  QDox parse error in file:///C:/Project/spring.boot.redelog-api/src/main/java/com/redelog/api/model/Cliente.java (full report at: "C:\Project\spring.boot.redelog-api\.metals\.reports\metals-full\2026-03-11\r_qdox-error_22-11-56-124.md")
2026.03.11 22:13:02 INFO  no build target found for C:\Project\spring.boot.redelog-api\src\main\java\com\redelog\api\model\Cliente.java. Using fallback presentation compiler.
2026.03.11 22:13:02 INFO  no build target found for C:\Project\spring.boot.redelog-api\src\main\java\com\redelog\api\model\Cliente.java. Using fallback presentation compiler.
2026.03.11 22:13:02 INFO  no build target found for C:\Project\spring.boot.redelog-api\src\main\java\com\redelog\api\model\Cliente.java. Using fallback presentation compiler.
2026.03.11 22:13:02 INFO  no build target found for C:\Project\spring.boot.redelog-api\src\main\java\com\redelog\api\model\Cliente.java. Using fallback presentation compiler.
2026.03.11 22:13:02 INFO  no build target found for C:\Project\spring.boot.redelog-api\src\main\java\com\redelog\api\model\Cliente.java. Using fallback presentation compiler.
2026.03.11 22:13:02 INFO  no build target found for C:\Project\spring.boot.redelog-api\src\main\java\com\redelog\api\model\Cliente.java. Using fallback presentation compiler.
2026.03.11 22:13:02 INFO  no build target found for C:\Project\spring.boot.redelog-api\src\main\java\com\redelog\api\model\Cliente.java. Using fallback presentation compiler.
2026.03.11 22:13:02 INFO  no build target found for C:\Project\spring.boot.redelog-api\src\main\java\com\redelog\api\model\Cliente.java. Using fallback presentation compiler.
2026.03.11 22:13:03 INFO  no build target found for C:\Project\spring.boot.redelog-api\src\main\java\com\redelog\api\model\Cliente.java. Using fallback presentation compiler.
2026.03.11 22:13:03 INFO  no build target found for C:\Project\spring.boot.redelog-api\src\main\java\com\redelog\api\model\Cliente.java. Using fallback presentation compiler.
2026.03.11 22:13:03 INFO  no build target found for C:\Project\spring.boot.redelog-api\src\main\java\com\redelog\api\model\Cliente.java. Using fallback presentation compiler.
2026.03.11 22:13:03 INFO  no build target found for C:\Project\spring.boot.redelog-api\src\main\java\com\redelog\api\model\Cliente.java. Using fallback presentation compiler.
2026.03.11 22:13:04 INFO  no build target found for C:\Project\spring.boot.redelog-api\src\main\java\com\redelog\api\model\Cliente.java. Using fallback presentation compiler.
2026.03.11 22:13:04 INFO  no build target found for C:\Project\spring.boot.redelog-api\src\main\java\com\redelog\api\model\Cliente.java. Using fallback presentation compiler.
2026.03.11 22:13:04 INFO  no build target found for C:\Project\spring.boot.redelog-api\src\main\java\com\redelog\api\model\Cliente.java. Using fallback presentation compiler.
2026.03.11 22:13:04 INFO  no build target found for C:\Project\spring.boot.redelog-api\src\main\java\com\redelog\api\model\Cliente.java. Using fallback presentation compiler.
2026.03.11 22:13:04 INFO  no build target found for C:\Project\spring.boot.redelog-api\src\main\java\com\redelog\api\model\Cliente.java. Using fallback presentation compiler.
2026.03.11 22:13:04 INFO  no build target found for C:\Project\spring.boot.redelog-api\src\main\java\com\redelog\api\model\Cliente.java. Using fallback presentation compiler.
2026.03.11 22:13:05 INFO  no build target found for C:\Project\spring.boot.redelog-api\src\main\java\com\redelog\api\model\Cliente.java. Using fallback presentation compiler.
2026.03.11 22:13:05 INFO  no build target found for C:\Project\spring.boot.redelog-api\src\main\java\com\redelog\api\model\Cliente.java. Using fallback presentation compiler.
2026.03.11 22:13:05 INFO  no build target found for C:\Project\spring.boot.redelog-api\src\main\java\com\redelog\api\model\Cliente.java. Using fallback presentation compiler.
2026.03.11 22:13:06 WARN  no build target for: C:\Project\spring.boot.redelog-api\src\main\java\com\redelog\api\model\Cliente.java
2026.03.11 22:13:06 INFO  QDox parse error in file:///C:/Project/spring.boot.redelog-api/src/main/java/com/redelog/api/model/Cliente.java (full report at: "C:\Project\spring.boot.redelog-api\.metals\.reports\metals-full\2026-03-11\r_qdox-error_22-11-56-124.md")
2026.03.11 22:13:06 WARN  Running javac-semanticdb failed for file:///C:/Project/spring.boot.redelog-api/src/main/java/com/redelog/api/model/Cliente.java. Output:

2026.03.11 22:13:07 INFO  no build target found for C:\Project\spring.boot.redelog-api\src\main\java\com\redelog\api\model\Cliente.java. Using fallback presentation compiler.
2026.03.11 22:13:07 INFO  no build target found for C:\Project\spring.boot.redelog-api\src\main\java\com\redelog\api\model\Cliente.java. Using fallback presentation compiler.
2026.03.11 22:13:07 INFO  no build target found for C:\Project\spring.boot.redelog-api\src\main\java\com\redelog\api\model\Cliente.java. Using fallback presentation compiler.
2026.03.11 22:13:07 INFO  no build target found for C:\Project\spring.boot.redelog-api\src\main\java\com\redelog\api\model\Cliente.java. Using fallback presentation compiler.
2026.03.11 22:13:07 INFO  no build target found for C:\Project\spring.boot.redelog-api\src\main\java\com\redelog\api\model\Cliente.java. Using fallback presentation compiler.
2026.03.11 22:13:07 INFO  no build target found for C:\Project\spring.boot.redelog-api\src\main\java\com\redelog\api\model\Cliente.java. Using fallback presentation compiler.
2026.03.11 22:13:07 INFO  no build target found for C:\Project\spring.boot.redelog-api\src\main\java\com\redelog\api\model\Cliente.java. Using fallback presentation compiler.
2026.03.11 22:13:07 INFO  no build target found for C:\Project\spring.boot.redelog-api\src\main\java\com\redelog\api\model\Cliente.java. Using fallback presentation compiler.
2026.03.11 22:13:07 INFO  no build target found for C:\Project\spring.boot.redelog-api\src\main\java\com\redelog\api\model\Cliente.java. Using fallback presentation compiler.
2026.03.11 22:13:07 INFO  no build target found for C:\Project\spring.boot.redelog-api\src\main\java\com\redelog\api\model\Cliente.java. Using fallback presentation compiler.
2026.03.11 22:13:07 INFO  no build target found for C:\Project\spring.boot.redelog-api\src\main\java\com\redelog\api\model\Cliente.java. Using fallback presentation compiler.
2026.03.11 22:13:08 INFO  no build target found for C:\Project\spring.boot.redelog-api\src\main\java\com\redelog\api\model\Cliente.java. Using fallback presentation compiler.
2026.03.11 22:13:08 INFO  no build target found for C:\Project\spring.boot.redelog-api\src\main\java\com\redelog\api\model\Cliente.java. Using fallback presentation compiler.
2026.03.11 22:13:09 WARN  no build target for: C:\Project\spring.boot.redelog-api\src\main\java\com\redelog\api\model\Cliente.java
2026.03.11 22:13:09 INFO  QDox parse error in file:///C:/Project/spring.boot.redelog-api/src/main/java/com/redelog/api/model/Cliente.java (full report at: "C:\Project\spring.boot.redelog-api\.metals\.reports\metals-full\2026-03-11\r_qdox-error_22-11-56-124.md")
2026.03.11 22:13:09 WARN  Running javac-semanticdb failed for file:///C:/Project/spring.boot.redelog-api/src/main/java/com/redelog/api/model/Cliente.java. Output:

2026.03.11 22:13:10 INFO  no build target found for C:\Project\spring.boot.redelog-api\src\main\java\com\redelog\api\model\Cliente.java. Using fallback presentation compiler.
2026.03.11 22:13:10 INFO  no build target found for C:\Project\spring.boot.redelog-api\src\main\java\com\redelog\api\model\Cliente.java. Using fallback presentation compiler.
2026.03.11 22:13:10 INFO  no build target found for C:\Project\spring.boot.redelog-api\src\main\java\com\redelog\api\model\Cliente.java. Using fallback presentation compiler.
2026.03.11 22:13:10 INFO  no build target found for C:\Project\spring.boot.redelog-api\src\main\java\com\redelog\api\model\Cliente.java. Using fallback presentation compiler.
2026.03.11 22:13:10 INFO  no build target found for C:\Project\spring.boot.redelog-api\src\main\java\com\redelog\api\model\Cliente.java. Using fallback presentation compiler.
2026.03.11 22:13:10 INFO  no build target found for C:\Project\spring.boot.redelog-api\src\main\java\com\redelog\api\model\Cliente.java. Using fallback presentation compiler.
2026.03.11 22:13:10 INFO  no build target found for C:\Project\spring.boot.redelog-api\src\main\java\com\redelog\api\model\Cliente.java. Using fallback presentation compiler.
2026.03.11 22:13:10 INFO  no build target found for C:\Project\spring.boot.redelog-api\src\main\java\com\redelog\api\model\Cliente.java. Using fallback presentation compiler.
2026.03.11 22:13:10 INFO  no build target found for C:\Project\spring.boot.redelog-api\src\main\java\com\redelog\api\model\Cliente.java. Using fallback presentation compiler.
2026.03.11 22:13:10 INFO  no build target found for C:\Project\spring.boot.redelog-api\src\main\java\com\redelog\api\model\Cliente.java. Using fallback presentation compiler.
2026.03.11 22:13:10 INFO  no build target found for C:\Project\spring.boot.redelog-api\src\main\java\com\redelog\api\model\Cliente.java. Using fallback presentation compiler.
2026.03.11 22:13:10 INFO  no build target found for C:\Project\spring.boot.redelog-api\src\main\java\com\redelog\api\model\Cliente.java. Using fallback presentation compiler.
2026.03.11 22:13:10 INFO  no build target found for C:\Project\spring.boot.redelog-api\src\main\java\com\redelog\api\model\Cliente.java. Using fallback presentation compiler.
2026.03.11 22:13:10 INFO  no build target found for C:\Project\spring.boot.redelog-api\src\main\java\com\redelog\api\model\Cliente.java. Using fallback presentation compiler.
2026.03.11 22:13:10 INFO  no build target found for C:\Project\spring.boot.redelog-api\src\main\java\com\redelog\api\model\Cliente.java. Using fallback presentation compiler.
2026.03.11 22:13:10 INFO  no build target found for C:\Project\spring.boot.redelog-api\src\main\java\com\redelog\api\model\Cliente.java. Using fallback presentation compiler.
2026.03.11 22:13:10 INFO  no build target found for C:\Project\spring.boot.redelog-api\src\main\java\com\redelog\api\model\Cliente.java. Using fallback presentation compiler.
2026.03.11 22:13:10 INFO  no build target found for C:\Project\spring.boot.redelog-api\src\main\java\com\redelog\api\model\Cliente.java. Using fallback presentation compiler.
mar. 11, 2026 10:13:11 PM org.eclipse.lsp4j.jsonrpc.RemoteEndpoint handleCancellation
ADVERTÊNCIA: Unmatched cancel notification for request id 374
2026.03.11 22:13:10 INFO  no build target found for C:\Project\spring.boot.redelog-api\src\main\java\com\redelog\api\model\Cliente.java. Using fallback presentation compiler.
2026.03.11 22:13:11 INFO  no build target found for C:\Project\spring.boot.redelog-api\src\main\java\com\redelog\api\model\Cliente.java. Using fallback presentation compiler.
2026.03.11 22:13:11 INFO  no build target found for C:\Project\spring.boot.redelog-api\src\main\java\com\redelog\api\model\Cliente.java. Using fallback presentation compiler.
2026.03.11 22:13:11 INFO  no build target found for C:\Project\spring.boot.redelog-api\src\main\java\com\redelog\api\model\Cliente.java. Using fallback presentation compiler.
2026.03.11 22:13:11 INFO  no build target found for C:\Project\spring.boot.redelog-api\src\main\java\com\redelog\api\model\Cliente.java. Using fallback presentation compiler.
2026.03.11 22:13:13 WARN  no build target for: C:\Project\spring.boot.redelog-api\src\main\java\com\redelog\api\model\Cliente.java
2026.03.11 22:13:13 INFO  QDox parse error in file:///C:/Project/spring.boot.redelog-api/src/main/java/com/redelog/api/model/Cliente.java (full report at: "C:\Project\spring.boot.redelog-api\.metals\.reports\metals-full\2026-03-11\r_qdox-error_22-11-56-124.md")
2026.03.11 22:13:13 WARN  Running javac-semanticdb failed for file:///C:/Project/spring.boot.redelog-api/src/main/java/com/redelog/api/model/Cliente.java. Output:

2026.03.11 22:13:45 INFO  no build target found for C:\Project\spring.boot.redelog-api\src\main\java\com\redelog\api\model\Cliente.java. Using fallback presentation compiler.
2026.03.11 22:13:45 INFO  no build target found for C:\Project\spring.boot.redelog-api\src\main\java\com\redelog\api\model\Cliente.java. Using fallback presentation compiler.
2026.03.11 22:13:45 INFO  no build target found for C:\Project\spring.boot.redelog-api\src\main\java\com\redelog\api\model\Cliente.java. Using fallback presentation compiler.
2026.03.11 22:13:45 INFO  no build target found for C:\Project\spring.boot.redelog-api\src\main\java\com\redelog\api\model\Cliente.java. Using fallback presentation compiler.
2026.03.11 22:13:45 INFO  no build target found for C:\Project\spring.boot.redelog-api\src\main\java\com\redelog\api\model\Cliente.java. Using fallback presentation compiler.
2026.03.11 22:13:45 INFO  no build target found for C:\Project\spring.boot.redelog-api\src\main\java\com\redelog\api\model\Cliente.java. Using fallback presentation compiler.
2026.03.11 22:13:45 INFO  no build target found for C:\Project\spring.boot.redelog-api\src\main\java\com\redelog\api\model\Cliente.java. Using fallback presentation compiler.
2026.03.11 22:13:45 INFO  no build target found for C:\Project\spring.boot.redelog-api\src\main\java\com\redelog\api\model\Cliente.java. Using fallback presentation compiler.
2026.03.11 22:13:46 INFO  no build target found for C:\Project\spring.boot.redelog-api\src\main\java\com\redelog\api\model\Cliente.java. Using fallback presentation compiler.
2026.03.11 22:13:46 INFO  no build target found for C:\Project\spring.boot.redelog-api\src\main\java\com\redelog\api\model\Cliente.java. Using fallback presentation compiler.
2026.03.11 22:13:47 WARN  no build target for: C:\Project\spring.boot.redelog-api\src\main\java\com\redelog\api\model\Cliente.java
2026.03.11 22:13:47 INFO  QDox parse error in file:///C:/Project/spring.boot.redelog-api/src/main/java/com/redelog/api/model/Cliente.java (full report at: "C:\Project\spring.boot.redelog-api\.metals\.reports\metals-full\2026-03-11\r_qdox-error_22-11-56-124.md")
2026.03.11 22:13:47 WARN  Running javac-semanticdb failed for file:///C:/Project/spring.boot.redelog-api/src/main/java/com/redelog/api/model/Cliente.java. Output:

2026.03.11 22:13:47 INFO  no build target found for C:\Project\spring.boot.redelog-api\src\main\java\com\redelog\api\model\Cliente.java. Using fallback presentation compiler.
2026.03.11 22:13:47 INFO  no build target found for C:\Project\spring.boot.redelog-api\src\main\java\com\redelog\api\model\Cliente.java. Using fallback presentation compiler.
2026.03.11 22:13:47 INFO  no build target found for C:\Project\spring.boot.redelog-api\src\main\java\com\redelog\api\model\Cliente.java. Using fallback presentation compiler.
2026.03.11 22:13:47 INFO  no build target found for C:\Project\spring.boot.redelog-api\src\main\java\com\redelog\api\model\Cliente.java. Using fallback presentation compiler.
2026.03.11 22:13:47 INFO  no build target found for C:\Project\spring.boot.redelog-api\src\main\java\com\redelog\api\model\Cliente.java. Using fallback presentation compiler.
2026.03.11 22:13:47 INFO  no build target found for C:\Project\spring.boot.redelog-api\src\main\java\com\redelog\api\model\Cliente.java. Using fallback presentation compiler.
2026.03.11 22:13:47 INFO  no build target found for C:\Project\spring.boot.redelog-api\src\main\java\com\redelog\api\model\Cliente.java. Using fallback presentation compiler.
2026.03.11 22:13:47 INFO  no build target found for C:\Project\spring.boot.redelog-api\src\main\java\com\redelog\api\model\Cliente.java. Using fallback presentation compiler.
2026.03.11 22:13:47 INFO  no build target found for C:\Project\spring.boot.redelog-api\src\main\java\com\redelog\api\model\Cliente.java. Using fallback presentation compiler.
2026.03.11 22:13:47 INFO  no build target found for C:\Project\spring.boot.redelog-api\src\main\java\com\redelog\api\model\Cliente.java. Using fallback presentation compiler.
2026.03.11 22:13:47 INFO  no build target found for C:\Project\spring.boot.redelog-api\src\main\java\com\redelog\api\model\Cliente.java. Using fallback presentation compiler.
2026.03.11 22:13:47 INFO  no build target found for C:\Project\spring.boot.redelog-api\src\main\java\com\redelog\api\model\Cliente.java. Using fallback presentation compiler.
2026.03.11 22:13:48 INFO  no build target found for C:\Project\spring.boot.redelog-api\src\main\java\com\redelog\api\model\Cliente.java. Using fallback presentation compiler.
2026.03.11 22:13:48 INFO  no build target found for C:\Project\spring.boot.redelog-api\src\main\java\com\redelog\api\model\Cliente.java. Using fallback presentation compiler.
2026.03.11 22:13:48 INFO  no build target found for C:\Project\spring.boot.redelog-api\src\main\java\com\redelog\api\model\Cliente.java. Using fallback presentation compiler.
2026.03.11 22:13:48 INFO  no build target found for C:\Project\spring.boot.redelog-api\src\main\java\com\redelog\api\model\Cliente.java. Using fallback presentation compiler.
2026.03.11 22:13:48 INFO  no build target found for C:\Project\spring.boot.redelog-api\src\main\java\com\redelog\api\model\Cliente.java. Using fallback presentation compiler.
2026.03.11 22:13:48 INFO  no build target found for C:\Project\spring.boot.redelog-api\src\main\java\com\redelog\api\model\Cliente.java. Using fallback presentation compiler.
2026.03.11 22:13:50 WARN  no build target for: C:\Project\spring.boot.redelog-api\src\main\java\com\redelog\api\model\Cliente.java
2026.03.11 22:13:50 INFO  QDox parse error in file:///C:/Project/spring.boot.redelog-api/src/main/java/com/redelog/api/model/Cliente.java (full report at: "C:\Project\spring.boot.redelog-api\.metals\.reports\metals-full\2026-03-11\r_qdox-error_22-11-56-124.md")
2026.03.11 22:13:50 WARN  Running javac-semanticdb failed for file:///C:/Project/spring.boot.redelog-api/src/main/java/com/redelog/api/model/Cliente.java. Output:

2026.03.11 22:13:50 INFO  no build target found for C:\Project\spring.boot.redelog-api\src\main\java\com\redelog\api\model\Cliente.java. Using fallback presentation compiler.
2026.03.11 22:13:50 INFO  no build target found for C:\Project\spring.boot.redelog-api\src\main\java\com\redelog\api\model\Cliente.java. Using fallback presentation compiler.
2026.03.11 22:13:50 INFO  no build target found for C:\Project\spring.boot.redelog-api\src\main\java\com\redelog\api\model\Cliente.java. Using fallback presentation compiler.
2026.03.11 22:13:50 INFO  no build target found for C:\Project\spring.boot.redelog-api\src\main\java\com\redelog\api\model\Cliente.java. Using fallback presentation compiler.
2026.03.11 22:13:52 WARN  no build target for: C:\Project\spring.boot.redelog-api\src\main\java\com\redelog\api\model\Cliente.java
2026.03.11 22:13:52 INFO  no build target found for C:\Project\spring.boot.redelog-api\src\main\java\com\redelog\api\model\Cliente.java. Using fallback presentation compiler.
2026.03.11 22:13:52 INFO  no build target found for C:\Project\spring.boot.redelog-api\src\main\java\com\redelog\api\model\Cliente.java. Using fallback presentation compiler.
2026.03.11 22:13:52 INFO  no build target found for C:\Project\spring.boot.redelog-api\src\main\java\com\redelog\api\model\Cliente.java. Using fallback presentation compiler.
2026.03.11 22:13:52 INFO  no build target found for C:\Project\spring.boot.redelog-api\src\main\java\com\redelog\api\model\Cliente.java. Using fallback presentation compiler.
2026.03.11 22:13:54 INFO  no build target found for C:\Project\spring.boot.redelog-api\src\main\java\com\redelog\api\model\Cliente.java. Using fallback presentation compiler.
2026.03.11 22:13:54 INFO  no build target found for C:\Project\spring.boot.redelog-api\src\main\java\com\redelog\api\model\Cliente.java. Using fallback presentation compiler.
2026.03.11 22:13:54 INFO  no build target found for C:\Project\spring.boot.redelog-api\src\main\java\com\redelog\api\model\Cliente.java. Using fallback presentation compiler.
2026.03.11 22:13:54 INFO  no build target found for C:\Project\spring.boot.redelog-api\src\main\java\com\redelog\api\model\Cliente.java. Using fallback presentation compiler.
2026.03.11 22:13:55 INFO  no build target found for C:\Project\spring.boot.redelog-api\src\main\java\com\redelog\api\model\Cliente.java. Using fallback presentation compiler.
2026.03.11 22:13:55 INFO  no build target found for C:\Project\spring.boot.redelog-api\src\main\java\com\redelog\api\model\Cliente.java. Using fallback presentation compiler.
2026.03.11 22:13:55 INFO  no build target found for C:\Project\spring.boot.redelog-api\src\main\java\com\redelog\api\model\Cliente.java. Using fallback presentation compiler.
2026.03.11 22:13:55 INFO  no build target found for C:\Project\spring.boot.redelog-api\src\main\java\com\redelog\api\model\Cliente.java. Using fallback presentation compiler.
2026.03.11 22:13:55 INFO  no build target found for C:\Project\spring.boot.redelog-api\src\main\java\com\redelog\api\model\Cliente.java. Using fallback presentation compiler.
2026.03.11 22:13:55 INFO  no build target found for C:\Project\spring.boot.redelog-api\src\main\java\com\redelog\api\model\Cliente.java. Using fallback presentation compiler.
2026.03.11 22:13:55 INFO  no build target found for C:\Project\spring.boot.redelog-api\src\main\java\com\redelog\api\model\Cliente.java. Using fallback presentation compiler.
2026.03.11 22:13:56 INFO  no build target found for C:\Project\spring.boot.redelog-api\src\main\java\com\redelog\api\model\Cliente.java. Using fallback presentation compiler.
2026.03.11 22:13:57 WARN  no build target for: C:\Project\spring.boot.redelog-api\src\main\java\com\redelog\api\model\Cliente.java
2026.03.11 22:13:58 INFO  no build target found for C:\Project\spring.boot.redelog-api\src\main\java\com\redelog\api\model\Cliente.java. Using fallback presentation compiler.
2026.03.11 22:13:58 INFO  no build target found for C:\Project\spring.boot.redelog-api\src\main\java\com\redelog\api\model\Cliente.java. Using fallback presentation compiler.
2026.03.11 22:13:59 WARN  no build target for: C:\Project\spring.boot.redelog-api\src\main\java\com\redelog\api\model\Cliente.java
2026.03.11 22:14:08 INFO  no build target found for C:\Project\spring.boot.redelog-api\src\main\java\com\redelog\api\model\Cliente.java. Using fallback presentation compiler.
2026.03.11 22:14:08 INFO  no build target found for C:\Project\spring.boot.redelog-api\src\main\java\com\redelog\api\model\Cliente.java. Using fallback presentation compiler.
2026.03.11 22:14:08 INFO  no build target found for C:\Project\spring.boot.redelog-api\src\main\java\com\redelog\api\model\Cliente.java. Using fallback presentation compiler.
2026.03.11 22:14:08 INFO  no build target found for C:\Project\spring.boot.redelog-api\src\main\java\com\redelog\api\model\Cliente.java. Using fallback presentation compiler.
2026.03.11 22:14:08 INFO  no build target found for C:\Project\spring.boot.redelog-api\src\main\java\com\redelog\api\model\Cliente.java. Using fallback presentation compiler.
2026.03.11 22:14:08 INFO  no build target found for C:\Project\spring.boot.redelog-api\src\main\java\com\redelog\api\model\Cliente.java. Using fallback presentation compiler.
2026.03.11 22:14:10 INFO  no build target found for C:\Project\spring.boot.redelog-api\src\main\java\com\redelog\api\model\Cliente.java. Using fallback presentation compiler.
2026.03.11 22:14:10 INFO  no build target found for C:\Project\spring.boot.redelog-api\src\main\java\com\redelog\api\model\Cliente.java. Using fallback presentation compiler.
2026.03.11 22:14:10 INFO  no build target found for C:\Project\spring.boot.redelog-api\src\main\java\com\redelog\api\model\Cliente.java. Using fallback presentation compiler.
2026.03.11 22:14:10 INFO  no build target found for C:\Project\spring.boot.redelog-api\src\main\java\com\redelog\api\model\Cliente.java. Using fallback presentation compiler.
2026.03.11 22:14:10 INFO  no build target found for C:\Project\spring.boot.redelog-api\src\main\java\com\redelog\api\model\Cliente.java. Using fallback presentation compiler.
2026.03.11 22:14:11 INFO  no build target found for C:\Project\spring.boot.redelog-api\src\main\java\com\redelog\api\model\Cliente.java. Using fallback presentation compiler.
2026.03.11 22:14:11 INFO  no build target found for C:\Project\spring.boot.redelog-api\src\main\java\com\redelog\api\model\Cliente.java. Using fallback presentation compiler.
2026.03.11 22:14:11 INFO  no build target found for C:\Project\spring.boot.redelog-api\src\main\java\com\redelog\api\model\Cliente.java. Using fallback presentation compiler.
2026.03.11 22:14:11 INFO  no build target found for C:\Project\spring.boot.redelog-api\src\main\java\com\redelog\api\model\Cliente.java. Using fallback presentation compiler.
2026.03.11 22:14:11 INFO  no build target found for C:\Project\spring.boot.redelog-api\src\main\java\com\redelog\api\model\Cliente.java. Using fallback presentation compiler.
2026.03.11 22:14:11 INFO  no build target found for C:\Project\spring.boot.redelog-api\src\main\java\com\redelog\api\model\Cliente.java. Using fallback presentation compiler.
2026.03.11 22:14:11 INFO  no build target found for C:\Project\spring.boot.redelog-api\src\main\java\com\redelog\api\model\Cliente.java. Using fallback presentation compiler.
2026.03.11 22:14:11 INFO  no build target found for C:\Project\spring.boot.redelog-api\src\main\java\com\redelog\api\model\Cliente.java. Using fallback presentation compiler.
2026.03.11 22:14:11 INFO  no build target found for C:\Project\spring.boot.redelog-api\src\main\java\com\redelog\api\model\Cliente.java. Using fallback presentation compiler.
2026.03.11 22:14:11 INFO  no build target found for C:\Project\spring.boot.redelog-api\src\main\java\com\redelog\api\model\Cliente.java. Using fallback presentation compiler.
2026.03.11 22:14:12 INFO  no build target found for C:\Project\spring.boot.redelog-api\src\main\java\com\redelog\api\model\Cliente.java. Using fallback presentation compiler.
2026.03.11 22:14:12 INFO  no build target found for C:\Project\spring.boot.redelog-api\src\main\java\com\redelog\api\model\Cliente.java. Using fallback presentation compiler.
2026.03.11 22:14:12 INFO  no build target found for C:\Project\spring.boot.redelog-api\src\main\java\com\redelog\api\model\Cliente.java. Using fallback presentation compiler.
2026.03.11 22:14:12 INFO  no build target found for C:\Project\spring.boot.redelog-api\src\main\java\com\redelog\api\model\Cliente.java. Using fallback presentation compiler.
2026.03.11 22:14:12 INFO  no build target found for C:\Project\spring.boot.redelog-api\src\main\java\com\redelog\api\model\Cliente.java. Using fallback presentation compiler.
2026.03.11 22:14:12 INFO  no build target found for C:\Project\spring.boot.redelog-api\src\main\java\com\redelog\api\model\Cliente.java. Using fallback presentation compiler.
2026.03.11 22:14:13 INFO  no build target found for C:\Project\spring.boot.redelog-api\src\main\java\com\redelog\api\model\Cliente.java. Using fallback presentation compiler.
2026.03.11 22:14:13 WARN  no build target for: C:\Project\spring.boot.redelog-api\src\main\java\com\redelog\api\model\Cliente.java
2026.03.11 22:14:13 INFO  QDox parse error in file:///C:/Project/spring.boot.redelog-api/src/main/java/com/redelog/api/model/Cliente.java (full report at: "C:\Project\spring.boot.redelog-api\.metals\.reports\metals-full\2026-03-11\r_qdox-error_22-11-56-124.md")
2026.03.11 22:14:13 WARN  Running javac-semanticdb failed for file:///C:/Project/spring.boot.redelog-api/src/main/java/com/redelog/api/model/Cliente.java. Output:

2026.03.11 22:14:13 INFO  no build target found for C:\Project\spring.boot.redelog-api\src\main\java\com\redelog\api\model\Cliente.java. Using fallback presentation compiler.
2026.03.11 22:14:13 INFO  no build target found for C:\Project\spring.boot.redelog-api\src\main\java\com\redelog\api\model\Cliente.java. Using fallback presentation compiler.
2026.03.11 22:14:13 INFO  no build target found for C:\Project\spring.boot.redelog-api\src\main\java\com\redelog\api\model\Cliente.java. Using fallback presentation compiler.
2026.03.11 22:14:14 INFO  no build target found for C:\Project\spring.boot.redelog-api\src\main\java\com\redelog\api\model\Cliente.java. Using fallback presentation compiler.
2026.03.11 22:14:14 INFO  no build target found for C:\Project\spring.boot.redelog-api\src\main\java\com\redelog\api\model\Cliente.java. Using fallback presentation compiler.
2026.03.11 22:14:14 INFO  no build target found for C:\Project\spring.boot.redelog-api\src\main\java\com\redelog\api\model\Cliente.java. Using fallback presentation compiler.
2026.03.11 22:14:14 INFO  no build target found for C:\Project\spring.boot.redelog-api\src\main\java\com\redelog\api\model\Cliente.java. Using fallback presentation compiler.
2026.03.11 22:14:14 INFO  no build target found for C:\Project\spring.boot.redelog-api\src\main\java\com\redelog\api\model\Cliente.java. Using fallback presentation compiler.
2026.03.11 22:14:14 INFO  no build target found for C:\Project\spring.boot.redelog-api\src\main\java\com\redelog\api\model\Cliente.java. Using fallback presentation compiler.
2026.03.11 22:14:14 INFO  no build target found for C:\Project\spring.boot.redelog-api\src\main\java\com\redelog\api\model\Cliente.java. Using fallback presentation compiler.
2026.03.11 22:14:14 INFO  no build target found for C:\Project\spring.boot.redelog-api\src\main\java\com\redelog\api\model\Cliente.java. Using fallback presentation compiler.
2026.03.11 22:14:16 INFO  no build target found for C:\Project\spring.boot.redelog-api\src\main\java\com\redelog\api\model\Cliente.java. Using fallback presentation compiler.
2026.03.11 22:14:16 WARN  no build target for: C:\Project\spring.boot.redelog-api\src\main\java\com\redelog\api\model\Cliente.java
2026.03.11 22:14:16 INFO  QDox parse error in file:///C:/Project/spring.boot.redelog-api/src/main/java/com/redelog/api/model/Cliente.java (full report at: "C:\Project\spring.boot.redelog-api\.metals\.reports\metals-full\2026-03-11\r_qdox-error_22-11-56-124.md")
2026.03.11 22:14:16 WARN  Running javac-semanticdb failed for file:///C:/Project/spring.boot.redelog-api/src/main/java/com/redelog/api/model/Cliente.java. Output:

2026.03.11 22:14:16 INFO  no build target found for C:\Project\spring.boot.redelog-api\src\main\java\com\redelog\api\model\Cliente.java. Using fallback presentation compiler.
2026.03.11 22:14:17 INFO  no build target found for C:\Project\spring.boot.redelog-api\src\main\java\com\redelog\api\model\Cliente.java. Using fallback presentation compiler.
2026.03.11 22:14:18 INFO  no build target found for C:\Project\spring.boot.redelog-api\src\main\java\com\redelog\api\model\Cliente.java. Using fallback presentation compiler.
2026.03.11 22:14:18 INFO  no build target found for C:\Project\spring.boot.redelog-api\src\main\java\com\redelog\api\model\Cliente.java. Using fallback presentation compiler.
2026.03.11 22:14:18 INFO  no build target found for C:\Project\spring.boot.redelog-api\src\main\java\com\redelog\api\model\Cliente.java. Using fallback presentation compiler.
2026.03.11 22:14:20 INFO  no build target found for C:\Project\spring.boot.redelog-api\src\main\java\com\redelog\api\model\Cliente.java. Using fallback presentation compiler.
2026.03.11 22:14:20 INFO  no build target found for C:\Project\spring.boot.redelog-api\src\main\java\com\redelog\api\model\Cliente.java. Using fallback presentation compiler.
2026.03.11 22:14:20 INFO  no build target found for C:\Project\spring.boot.redelog-api\src\main\java\com\redelog\api\model\Cliente.java. Using fallback presentation compiler.
2026.03.11 22:14:20 INFO  no build target found for C:\Project\spring.boot.redelog-api\src\main\java\com\redelog\api\model\Cliente.java. Using fallback presentation compiler.
mar. 11, 2026 10:14:20 PM org.eclipse.lsp4j.jsonrpc.RemoteEndpoint handleCancellation
ADVERTÊNCIA: Unmatched cancel notification for request id 552
2026.03.11 22:14:20 INFO  no build target found for C:\Project\spring.boot.redelog-api\src\main\java\com\redelog\api\model\Cliente.java. Using fallback presentation compiler.
2026.03.11 22:14:20 INFO  no build target found for C:\Project\spring.boot.redelog-api\src\main\java\com\redelog\api\model\Cliente.java. Using fallback presentation compiler.
2026.03.11 22:14:20 INFO  no build target found for C:\Project\spring.boot.redelog-api\src\main\java\com\redelog\api\model\Cliente.java. Using fallback presentation compiler.
2026.03.11 22:14:20 INFO  no build target found for C:\Project\spring.boot.redelog-api\src\main\java\com\redelog\api\model\Cliente.java. Using fallback presentation compiler.
2026.03.11 22:14:21 INFO  no build target found for C:\Project\spring.boot.redelog-api\src\main\java\com\redelog\api\model\Cliente.java. Using fallback presentation compiler.
2026.03.11 22:14:21 INFO  no build target found for C:\Project\spring.boot.redelog-api\src\main\java\com\redelog\api\model\Cliente.java. Using fallback presentation compiler.
2026.03.11 22:14:21 INFO  no build target found for C:\Project\spring.boot.redelog-api\src\main\java\com\redelog\api\model\Cliente.java. Using fallback presentation compiler.
2026.03.11 22:14:21 INFO  no build target found for C:\Project\spring.boot.redelog-api\src\main\java\com\redelog\api\model\Cliente.java. Using fallback presentation compiler.
2026.03.11 22:14:21 INFO  no build target found for C:\Project\spring.boot.redelog-api\src\main\java\com\redelog\api\model\Cliente.java. Using fallback presentation compiler.
2026.03.11 22:14:21 INFO  no build target found for C:\Project\spring.boot.redelog-api\src\main\java\com\redelog\api\model\Cliente.java. Using fallback presentation compiler.
2026.03.11 22:14:22 INFO  no build target found for C:\Project\spring.boot.redelog-api\src\main\java\com\redelog\api\model\Cliente.java. Using fallback presentation compiler.
2026.03.11 22:14:22 WARN  no build target for: C:\Project\spring.boot.redelog-api\src\main\java\com\redelog\api\model\Cliente.java
2026.03.11 22:14:22 INFO  QDox parse error in file:///C:/Project/spring.boot.redelog-api/src/main/java/com/redelog/api/model/Cliente.java (full report at: "C:\Project\spring.boot.redelog-api\.metals\.reports\metals-full\2026-03-11\r_qdox-error_22-11-56-124.md")
2026.03.11 22:14:22 WARN  Running javac-semanticdb failed for file:///C:/Project/spring.boot.redelog-api/src/main/java/com/redelog/api/model/Cliente.java. Output:

2026.03.11 22:14:22 INFO  no build target found for C:\Project\spring.boot.redelog-api\src\main\java\com\redelog\api\model\Cliente.java. Using fallback presentation compiler.
2026.03.11 22:14:23 INFO  no build target found for C:\Project\spring.boot.redelog-api\src\main\java\com\redelog\api\model\Cliente.java. Using fallback presentation compiler.
2026.03.11 22:14:23 INFO  no build target found for C:\Project\spring.boot.redelog-api\src\main\java\com\redelog\api\model\Cliente.java. Using fallback presentation compiler.
2026.03.11 22:14:25 INFO  no build target found for C:\Project\spring.boot.redelog-api\src\main\java\com\redelog\api\model\Cliente.java. Using fallback presentation compiler.
2026.03.11 22:14:25 INFO  no build target found for C:\Project\spring.boot.redelog-api\src\main\java\com\redelog\api\model\Cliente.java. Using fallback presentation compiler.
2026.03.11 22:14:26 WARN  no build target for: C:\Project\spring.boot.redelog-api\src\main\java\com\redelog\api\model\Cliente.java
2026.03.11 22:15:53 INFO  no build target found for C:\Project\spring.boot.redelog-api\src\main\java\com\redelog\api\model\Cliente.java. Using fallback presentation compiler.
2026.03.11 22:15:53 INFO  no build target found for C:\Project\spring.boot.redelog-api\src\main\java\com\redelog\api\model\Cliente.java. Using fallback presentation compiler.
2026.03.11 22:15:53 INFO  no build target found for C:\Project\spring.boot.redelog-api\src\main\java\com\redelog\api\model\Cliente.java. Using fallback presentation compiler.
2026.03.11 22:15:53 INFO  no build target found for C:\Project\spring.boot.redelog-api\src\main\java\com\redelog\api\model\Cliente.java. Using fallback presentation compiler.
2026.03.11 22:15:53 INFO  no build target found for C:\Project\spring.boot.redelog-api\src\main\java\com\redelog\api\model\Cliente.java. Using fallback presentation compiler.
2026.03.11 22:15:53 INFO  no build target found for C:\Project\spring.boot.redelog-api\src\main\java\com\redelog\api\model\Cliente.java. Using fallback presentation compiler.
2026.03.11 22:15:54 INFO  no build target found for C:\Project\spring.boot.redelog-api\src\main\java\com\redelog\api\model\Cliente.java. Using fallback presentation compiler.
2026.03.11 22:15:55 WARN  no build target for: C:\Project\spring.boot.redelog-api\src\main\java\com\redelog\api\model\Cliente.java
2026.03.11 22:15:55 INFO  QDox parse error in file:///C:/Project/spring.boot.redelog-api/src/main/java/com/redelog/api/model/Cliente.java (full report at: "C:\Project\spring.boot.redelog-api\.metals\.reports\metals-full\2026-03-11\r_qdox-error_22-11-56-124.md")
2026.03.11 22:15:55 WARN  Running javac-semanticdb failed for file:///C:/Project/spring.boot.redelog-api/src/main/java/com/redelog/api/model/Cliente.java. Output:

2026.03.11 22:15:54 INFO  no build target found for C:\Project\spring.boot.redelog-api\src\main\java\com\redelog\api\model\Cliente.java. Using fallback presentation compiler.
2026.03.11 22:15:54 INFO  no build target found for C:\Project\spring.boot.redelog-api\src\main\java\com\redelog\api\model\Cliente.java. Using fallback presentation compiler.
2026.03.11 22:15:54 INFO  no build target found for C:\Project\spring.boot.redelog-api\src\main\java\com\redelog\api\model\Cliente.java. Using fallback presentation compiler.
2026.03.11 22:15:56 INFO  no build target found for C:\Project\spring.boot.redelog-api\src\main\java\com\redelog\api\model\Cliente.java. Using fallback presentation compiler.
2026.03.11 22:15:56 INFO  no build target found for C:\Project\spring.boot.redelog-api\src\main\java\com\redelog\api\model\Cliente.java. Using fallback presentation compiler.
2026.03.11 22:15:56 INFO  no build target found for C:\Project\spring.boot.redelog-api\src\main\java\com\redelog\api\model\Cliente.java. Using fallback presentation compiler.
2026.03.11 22:15:56 INFO  no build target found for C:\Project\spring.boot.redelog-api\src\main\java\com\redelog\api\model\Cliente.java. Using fallback presentation compiler.
2026.03.11 22:15:56 INFO  no build target found for C:\Project\spring.boot.redelog-api\src\main\java\com\redelog\api\model\Cliente.java. Using fallback presentation compiler.
2026.03.11 22:15:56 INFO  no build target found for C:\Project\spring.boot.redelog-api\src\main\java\com\redelog\api\model\Cliente.java. Using fallback presentation compiler.
2026.03.11 22:15:56 INFO  no build target found for C:\Project\spring.boot.redelog-api\src\main\java\com\redelog\api\model\Cliente.java. Using fallback presentation compiler.
2026.03.11 22:15:56 INFO  no build target found for C:\Project\spring.boot.redelog-api\src\main\java\com\redelog\api\model\Cliente.java. Using fallback presentation compiler.
2026.03.11 22:15:57 INFO  no build target found for C:\Project\spring.boot.redelog-api\src\main\java\com\redelog\api\model\Cliente.java. Using fallback presentation compiler.
2026.03.11 22:15:57 INFO  no build target found for C:\Project\spring.boot.redelog-api\src\main\java\com\redelog\api\model\Cliente.java. Using fallback presentation compiler.
2026.03.11 22:15:57 INFO  no build target found for C:\Project\spring.boot.redelog-api\src\main\java\com\redelog\api\model\Cliente.java. Using fallback presentation compiler.
2026.03.11 22:15:57 INFO  no build target found for C:\Project\spring.boot.redelog-api\src\main\java\com\redelog\api\model\Cliente.java. Using fallback presentation compiler.
2026.03.11 22:15:57 INFO  no build target found for C:\Project\spring.boot.redelog-api\src\main\java\com\redelog\api\model\Cliente.java. Using fallback presentation compiler.
2026.03.11 22:15:58 INFO  no build target found for C:\Project\spring.boot.redelog-api\src\main\java\com\redelog\api\model\Cliente.java. Using fallback presentation compiler.
2026.03.11 22:15:58 INFO  no build target found for C:\Project\spring.boot.redelog-api\src\main\java\com\redelog\api\model\Cliente.java. Using fallback presentation compiler.
2026.03.11 22:15:58 INFO  no build target found for C:\Project\spring.boot.redelog-api\src\main\java\com\redelog\api\model\Cliente.java. Using fallback presentation compiler.
2026.03.11 22:15:58 INFO  no build target found for C:\Project\spring.boot.redelog-api\src\main\java\com\redelog\api\model\Cliente.java. Using fallback presentation compiler.
2026.03.11 22:15:58 INFO  no build target found for C:\Project\spring.boot.redelog-api\src\main\java\com\redelog\api\model\Cliente.java. Using fallback presentation compiler.
2026.03.11 22:15:58 INFO  no build target found for C:\Project\spring.boot.redelog-api\src\main\java\com\redelog\api\model\Cliente.java. Using fallback presentation compiler.
2026.03.11 22:15:58 INFO  no build target found for C:\Project\spring.boot.redelog-api\src\main\java\com\redelog\api\model\Cliente.java. Using fallback presentation compiler.
2026.03.11 22:15:58 INFO  no build target found for C:\Project\spring.boot.redelog-api\src\main\java\com\redelog\api\model\Cliente.java. Using fallback presentation compiler.
2026.03.11 22:15:58 INFO  no build target found for C:\Project\spring.boot.redelog-api\src\main\java\com\redelog\api\model\Cliente.java. Using fallback presentation compiler.
2026.03.11 22:15:59 INFO  no build target found for C:\Project\spring.boot.redelog-api\src\main\java\com\redelog\api\model\Cliente.java. Using fallback presentation compiler.
2026.03.11 22:15:59 INFO  no build target found for C:\Project\spring.boot.redelog-api\src\main\java\com\redelog\api\model\Cliente.java. Using fallback presentation compiler.
2026.03.11 22:15:59 INFO  no build target found for C:\Project\spring.boot.redelog-api\src\main\java\com\redelog\api\model\Cliente.java. Using fallback presentation compiler.
2026.03.11 22:16:01 WARN  no build target for: C:\Project\spring.boot.redelog-api\src\main\java\com\redelog\api\model\Cliente.java
2026.03.11 22:16:09 INFO  no build target found for C:\Project\spring.boot.redelog-api\src\main\java\com\redelog\api\model\Cliente.java. Using fallback presentation compiler.
2026.03.11 22:16:09 INFO  no build target found for C:\Project\spring.boot.redelog-api\src\main\java\com\redelog\api\model\Cliente.java. Using fallback presentation compiler.
2026.03.11 22:16:09 INFO  no build target found for C:\Project\spring.boot.redelog-api\src\main\java\com\redelog\api\model\Cliente.java. Using fallback presentation compiler.
2026.03.11 22:16:09 INFO  no build target found for C:\Project\spring.boot.redelog-api\src\main\java\com\redelog\api\model\Cliente.java. Using fallback presentation compiler.
2026.03.11 22:16:09 INFO  no build target found for C:\Project\spring.boot.redelog-api\src\main\java\com\redelog\api\model\Cliente.java. Using fallback presentation compiler.
2026.03.11 22:16:10 INFO  no build target found for C:\Project\spring.boot.redelog-api\src\main\java\com\redelog\api\model\Cliente.java. Using fallback presentation compiler.
2026.03.11 22:16:10 INFO  no build target found for C:\Project\spring.boot.redelog-api\src\main\java\com\redelog\api\model\Cliente.java. Using fallback presentation compiler.
2026.03.11 22:16:10 INFO  no build target found for C:\Project\spring.boot.redelog-api\src\main\java\com\redelog\api\model\Cliente.java. Using fallback presentation compiler.
2026.03.11 22:16:10 INFO  no build target found for C:\Project\spring.boot.redelog-api\src\main\java\com\redelog\api\model\Cliente.java. Using fallback presentation compiler.
2026.03.11 22:16:10 INFO  no build target found for C:\Project\spring.boot.redelog-api\src\main\java\com\redelog\api\model\Cliente.java. Using fallback presentation compiler.
2026.03.11 22:16:10 INFO  no build target found for C:\Project\spring.boot.redelog-api\src\main\java\com\redelog\api\model\Cliente.java. Using fallback presentation compiler.
2026.03.11 22:16:12 INFO  no build target found for C:\Project\spring.boot.redelog-api\src\main\java\com\redelog\api\model\Cliente.java. Using fallback presentation compiler.
2026.03.11 22:16:12 INFO  no build target found for C:\Project\spring.boot.redelog-api\src\main\java\com\redelog\api\model\Cliente.java. Using fallback presentation compiler.
2026.03.11 22:16:12 INFO  no build target found for C:\Project\spring.boot.redelog-api\src\main\java\com\redelog\api\model\Cliente.java. Using fallback presentation compiler.
2026.03.11 22:16:12 INFO  no build target found for C:\Project\spring.boot.redelog-api\src\main\java\com\redelog\api\model\Cliente.java. Using fallback presentation compiler.
2026.03.11 22:16:13 INFO  no build target found for C:\Project\spring.boot.redelog-api\src\main\java\com\redelog\api\model\Cliente.java. Using fallback presentation compiler.
2026.03.11 22:16:13 INFO  no build target found for C:\Project\spring.boot.redelog-api\src\main\java\com\redelog\api\model\Cliente.java. Using fallback presentation compiler.
2026.03.11 22:16:13 INFO  no build target found for C:\Project\spring.boot.redelog-api\src\main\java\com\redelog\api\model\Cliente.java. Using fallback presentation compiler.
2026.03.11 22:16:13 INFO  no build target found for C:\Project\spring.boot.redelog-api\src\main\java\com\redelog\api\model\Cliente.java. Using fallback presentation compiler.
2026.03.11 22:16:13 INFO  no build target found for C:\Project\spring.boot.redelog-api\src\main\java\com\redelog\api\model\Cliente.java. Using fallback presentation compiler.
2026.03.11 22:16:13 INFO  no build target found for C:\Project\spring.boot.redelog-api\src\main\java\com\redelog\api\model\Cliente.java. Using fallback presentation compiler.
2026.03.11 22:16:13 INFO  no build target found for C:\Project\spring.boot.redelog-api\src\main\java\com\redelog\api\model\Cliente.java. Using fallback presentation compiler.
2026.03.11 22:16:14 INFO  no build target found for C:\Project\spring.boot.redelog-api\src\main\java\com\redelog\api\model\Cliente.java. Using fallback presentation compiler.
2026.03.11 22:16:14 INFO  no build target found for C:\Project\spring.boot.redelog-api\src\main\java\com\redelog\api\model\Cliente.java. Using fallback presentation compiler.
2026.03.11 22:16:15 WARN  no build target for: C:\Project\spring.boot.redelog-api\src\main\java\com\redelog\api\model\Cliente.java
2026.03.11 22:16:14 INFO  no build target found for C:\Project\spring.boot.redelog-api\src\main\java\com\redelog\api\model\Cliente.java. Using fallback presentation compiler.
2026.03.11 22:16:15 INFO  QDox parse error in file:///C:/Project/spring.boot.redelog-api/src/main/java/com/redelog/api/model/Cliente.java (full report at: "C:\Project\spring.boot.redelog-api\.metals\.reports\metals-full\2026-03-11\r_qdox-error_22-11-56-124.md")
2026.03.11 22:16:15 WARN  Running javac-semanticdb failed for file:///C:/Project/spring.boot.redelog-api/src/main/java/com/redelog/api/model/Cliente.java. Output:

2026.03.11 22:16:15 INFO  no build target found for C:\Project\spring.boot.redelog-api\src\main\java\com\redelog\api\model\Cliente.java. Using fallback presentation compiler.
2026.03.11 22:16:15 INFO  no build target found for C:\Project\spring.boot.redelog-api\src\main\java\com\redelog\api\model\Cliente.java. Using fallback presentation compiler.
2026.03.11 22:16:15 INFO  no build target found for C:\Project\spring.boot.redelog-api\src\main\java\com\redelog\api\model\Cliente.java. Using fallback presentation compiler.
2026.03.11 22:16:15 INFO  no build target found for C:\Project\spring.boot.redelog-api\src\main\java\com\redelog\api\model\Cliente.java. Using fallback presentation compiler.
2026.03.11 22:16:15 INFO  no build target found for C:\Project\spring.boot.redelog-api\src\main\java\com\redelog\api\model\Cliente.java. Using fallback presentation compiler.
2026.03.11 22:16:15 INFO  no build target found for C:\Project\spring.boot.redelog-api\src\main\java\com\redelog\api\model\Cliente.java. Using fallback presentation compiler.
2026.03.11 22:16:15 INFO  no build target found for C:\Project\spring.boot.redelog-api\src\main\java\com\redelog\api\model\Cliente.java. Using fallback presentation compiler.
2026.03.11 22:16:15 INFO  no build target found for C:\Project\spring.boot.redelog-api\src\main\java\com\redelog\api\model\Cliente.java. Using fallback presentation compiler.
2026.03.11 22:16:15 INFO  no build target found for C:\Project\spring.boot.redelog-api\src\main\java\com\redelog\api\model\Cliente.java. Using fallback presentation compiler.
2026.03.11 22:16:16 INFO  no build target found for C:\Project\spring.boot.redelog-api\src\main\java\com\redelog\api\model\Cliente.java. Using fallback presentation compiler.
2026.03.11 22:16:17 WARN  no build target for: C:\Project\spring.boot.redelog-api\src\main\java\com\redelog\api\model\Cliente.java
2026.03.11 22:16:17 INFO  QDox parse error in file:///C:/Project/spring.boot.redelog-api/src/main/java/com/redelog/api/model/Cliente.java (full report at: "C:\Project\spring.boot.redelog-api\.metals\.reports\metals-full\2026-03-11\r_qdox-error_22-11-56-124.md")
2026.03.11 22:16:17 WARN  Running javac-semanticdb failed for file:///C:/Project/spring.boot.redelog-api/src/main/java/com/redelog/api/model/Cliente.java. Output:

2026.03.11 22:16:16 INFO  no build target found for C:\Project\spring.boot.redelog-api\src\main\java\com\redelog\api\model\Cliente.java. Using fallback presentation compiler.
2026.03.11 22:16:16 INFO  no build target found for C:\Project\spring.boot.redelog-api\src\main\java\com\redelog\api\model\Cliente.java. Using fallback presentation compiler.
2026.03.11 22:16:18 INFO  no build target found for C:\Project\spring.boot.redelog-api\src\main\java\com\redelog\api\model\Cliente.java. Using fallback presentation compiler.
2026.03.11 22:16:18 WARN  no build target for: C:\Project\spring.boot.redelog-api\src\main\java\com\redelog\api\model\Cliente.java
2026.03.11 22:16:18 INFO  no build target found for C:\Project\spring.boot.redelog-api\src\main\java\com\redelog\api\model\Cliente.java. Using fallback presentation compiler.
2026.03.11 22:16:19 INFO  no build target found for C:\Project\spring.boot.redelog-api\src\main\java\com\redelog\api\model\Cliente.java. Using fallback presentation compiler.
2026.03.11 22:16:20 WARN  no build target for: C:\Project\spring.boot.redelog-api\src\main\java\com\redelog\api\model\Cliente.java
2026.03.11 22:16:36 INFO  no build target found for C:\Project\spring.boot.redelog-api\src\main\java\com\redelog\api\model\Cliente.java. Using fallback presentation compiler.
2026.03.11 22:16:36 INFO  no build target found for C:\Project\spring.boot.redelog-api\src\main\java\com\redelog\api\model\Cliente.java. Using fallback presentation compiler.
2026.03.11 22:16:36 INFO  no build target found for C:\Project\spring.boot.redelog-api\src\main\java\com\redelog\api\model\Cliente.java. Using fallback presentation compiler.
2026.03.11 22:16:42 INFO  no build target found for C:\Project\spring.boot.redelog-api\src\main\java\com\redelog\api\model\Cliente.java. Using fallback presentation compiler.
2026.03.11 22:16:42 INFO  no build target found for C:\Project\spring.boot.redelog-api\src\main\java\com\redelog\api\model\Cliente.java. Using fallback presentation compiler.
2026.03.11 22:16:42 INFO  no build target found for C:\Project\spring.boot.redelog-api\src\main\java\com\redelog\api\model\Cliente.java. Using fallback presentation compiler.
2026.03.11 22:16:42 INFO  no build target found for C:\Project\spring.boot.redelog-api\src\main\java\com\redelog\api\model\Cliente.java. Using fallback presentation compiler.
2026.03.11 22:16:42 INFO  no build target found for C:\Project\spring.boot.redelog-api\src\main\java\com\redelog\api\model\Cliente.java. Using fallback presentation compiler.
2026.03.11 22:16:42 INFO  no build target found for C:\Project\spring.boot.redelog-api\src\main\java\com\redelog\api\model\Cliente.java. Using fallback presentation compiler.
2026.03.11 22:16:43 INFO  no build target found for C:\Project\spring.boot.redelog-api\src\main\java\com\redelog\api\model\Cliente.java. Using fallback presentation compiler.
2026.03.11 22:16:43 INFO  no build target found for C:\Project\spring.boot.redelog-api\src\main\java\com\redelog\api\model\Cliente.java. Using fallback presentation compiler.
2026.03.11 22:16:43 INFO  no build target found for C:\Project\spring.boot.redelog-api\src\main\java\com\redelog\api\model\Cliente.java. Using fallback presentation compiler.
2026.03.11 22:16:43 INFO  no build target found for C:\Project\spring.boot.redelog-api\src\main\java\com\redelog\api\model\Cliente.java. Using fallback presentation compiler.
2026.03.11 22:16:45 WARN  no build target for: C:\Project\spring.boot.redelog-api\src\main\java\com\redelog\api\model\Cliente.java
2026.03.11 22:16:45 INFO  QDox parse error in file:///C:/Project/spring.boot.redelog-api/src/main/java/com/redelog/api/model/Cliente.java (full report at: "C:\Project\spring.boot.redelog-api\.metals\.reports\metals-full\2026-03-11\r_qdox-error_22-11-56-124.md")
2026.03.11 22:16:45 WARN  Running javac-semanticdb failed for file:///C:/Project/spring.boot.redelog-api/src/main/java/com/redelog/api/model/Cliente.java. Output:

2026.03.11 22:16:45 INFO  no build target found for C:\Project\spring.boot.redelog-api\src\main\java\com\redelog\api\model\Cliente.java. Using fallback presentation compiler.
2026.03.11 22:16:45 INFO  no build target found for C:\Project\spring.boot.redelog-api\src\main\java\com\redelog\api\model\Cliente.java. Using fallback presentation compiler.
2026.03.11 22:16:45 INFO  no build target found for C:\Project\spring.boot.redelog-api\src\main\java\com\redelog\api\model\Cliente.java. Using fallback presentation compiler.
2026.03.11 22:16:46 INFO  no build target found for C:\Project\spring.boot.redelog-api\src\main\java\com\redelog\api\model\Cliente.java. Using fallback presentation compiler.
2026.03.11 22:16:46 INFO  no build target found for C:\Project\spring.boot.redelog-api\src\main\java\com\redelog\api\model\Cliente.java. Using fallback presentation compiler.
2026.03.11 22:16:46 INFO  no build target found for C:\Project\spring.boot.redelog-api\src\main\java\com\redelog\api\model\Cliente.java. Using fallback presentation compiler.
2026.03.11 22:16:46 INFO  no build target found for C:\Project\spring.boot.redelog-api\src\main\java\com\redelog\api\model\Cliente.java. Using fallback presentation compiler.
2026.03.11 22:16:46 INFO  no build target found for C:\Project\spring.boot.redelog-api\src\main\java\com\redelog\api\model\Cliente.java. Using fallback presentation compiler.
2026.03.11 22:16:46 INFO  no build target found for C:\Project\spring.boot.redelog-api\src\main\java\com\redelog\api\model\Cliente.java. Using fallback presentation compiler.
2026.03.11 22:16:47 INFO  no build target found for C:\Project\spring.boot.redelog-api\src\main\java\com\redelog\api\model\Cliente.java. Using fallback presentation compiler.
2026.03.11 22:16:47 INFO  no build target found for C:\Project\spring.boot.redelog-api\src\main\java\com\redelog\api\model\Cliente.java. Using fallback presentation compiler.
2026.03.11 22:16:48 WARN  no build target for: C:\Project\spring.boot.redelog-api\src\main\java\com\redelog\api\model\Cliente.java
2026.03.11 22:16:48 INFO  QDox parse error in file:///C:/Project/spring.boot.redelog-api/src/main/java/com/redelog/api/model/Cliente.java (full report at: "C:\Project\spring.boot.redelog-api\.metals\.reports\metals-full\2026-03-11\r_qdox-error_22-11-56-124.md")
2026.03.11 22:16:48 WARN  Running javac-semanticdb failed for file:///C:/Project/spring.boot.redelog-api/src/main/java/com/redelog/api/model/Cliente.java. Output:

2026.03.11 22:16:49 INFO  no build target found for C:\Project\spring.boot.redelog-api\src\main\java\com\redelog\api\model\Cliente.java. Using fallback presentation compiler.
2026.03.11 22:16:49 INFO  no build target found for C:\Project\spring.boot.redelog-api\src\main\java\com\redelog\api\model\Cliente.java. Using fallback presentation compiler.
2026.03.11 22:16:49 INFO  no build target found for C:\Project\spring.boot.redelog-api\src\main\java\com\redelog\api\model\Cliente.java. Using fallback presentation compiler.
2026.03.11 22:16:50 WARN  no build target for: C:\Project\spring.boot.redelog-api\src\main\java\com\redelog\api\model\Cliente.java
2026.03.11 22:16:50 INFO  QDox parse error in file:///C:/Project/spring.boot.redelog-api/src/main/java/com/redelog/api/model/Cliente.java (full report at: "C:\Project\spring.boot.redelog-api\.metals\.reports\metals-full\2026-03-11\r_qdox-error_22-11-56-124.md")
2026.03.11 22:16:50 WARN  Running javac-semanticdb failed for file:///C:/Project/spring.boot.redelog-api/src/main/java/com/redelog/api/model/Cliente.java. Output:

2026.03.11 22:16:51 INFO  no build target found for C:\Project\spring.boot.redelog-api\src\main\java\com\redelog\api\model\Cliente.java. Using fallback presentation compiler.
2026.03.11 22:16:51 INFO  no build target found for C:\Project\spring.boot.redelog-api\src\main\java\com\redelog\api\model\Cliente.java. Using fallback presentation compiler.
2026.03.11 22:16:51 INFO  no build target found for C:\Project\spring.boot.redelog-api\src\main\java\com\redelog\api\model\Cliente.java. Using fallback presentation compiler.
2026.03.11 22:16:51 INFO  no build target found for C:\Project\spring.boot.redelog-api\src\main\java\com\redelog\api\model\Cliente.java. Using fallback presentation compiler.
2026.03.11 22:16:51 INFO  no build target found for C:\Project\spring.boot.redelog-api\src\main\java\com\redelog\api\model\Cliente.java. Using fallback presentation compiler.
2026.03.11 22:16:52 INFO  no build target found for C:\Project\spring.boot.redelog-api\src\main\java\com\redelog\api\model\Cliente.java. Using fallback presentation compiler.
2026.03.11 22:16:52 INFO  no build target found for C:\Project\spring.boot.redelog-api\src\main\java\com\redelog\api\model\Cliente.java. Using fallback presentation compiler.
2026.03.11 22:16:53 WARN  no build target for: C:\Project\spring.boot.redelog-api\src\main\java\com\redelog\api\model\Cliente.java
2026.03.11 22:16:53 INFO  QDox parse error in file:///C:/Project/spring.boot.redelog-api/src/main/java/com/redelog/api/model/Cliente.java (full report at: "C:\Project\spring.boot.redelog-api\.metals\.reports\metals-full\2026-03-11\r_qdox-error_22-11-56-124.md")
2026.03.11 22:16:53 WARN  Running javac-semanticdb failed for file:///C:/Project/spring.boot.redelog-api/src/main/java/com/redelog/api/model/Cliente.java. Output:

2026.03.11 22:16:53 INFO  no build target found for C:\Project\spring.boot.redelog-api\src\main\java\com\redelog\api\model\Cliente.java. Using fallback presentation compiler.
2026.03.11 22:16:53 INFO  no build target found for C:\Project\spring.boot.redelog-api\src\main\java\com\redelog\api\model\Cliente.java. Using fallback presentation compiler.
2026.03.11 22:16:53 INFO  no build target found for C:\Project\spring.boot.redelog-api\src\main\java\com\redelog\api\model\Cliente.java. Using fallback presentation compiler.
2026.03.11 22:16:53 INFO  no build target found for C:\Project\spring.boot.redelog-api\src\main\java\com\redelog\api\model\Cliente.java. Using fallback presentation compiler.
2026.03.11 22:16:54 INFO  no build target found for C:\Project\spring.boot.redelog-api\src\main\java\com\redelog\api\model\Cliente.java. Using fallback presentation compiler.
2026.03.11 22:16:55 WARN  no build target for: C:\Project\spring.boot.redelog-api\src\main\java\com\redelog\api\model\Cliente.java
2026.03.11 22:16:56 INFO  no build target found for C:\Project\spring.boot.redelog-api\src\main\java\com\redelog\api\model\Cliente.java. Using fallback presentation compiler.
2026.03.11 22:16:56 INFO  no build target found for C:\Project\spring.boot.redelog-api\src\main\java\com\redelog\api\model\Cliente.java. Using fallback presentation compiler.
2026.03.11 22:16:56 INFO  no build target found for C:\Project\spring.boot.redelog-api\src\main\java\com\redelog\api\model\Cliente.java. Using fallback presentation compiler.
2026.03.11 22:16:57 INFO  no build target found for C:\Project\spring.boot.redelog-api\src\main\java\com\redelog\api\model\Cliente.java. Using fallback presentation compiler.
2026.03.11 22:18:35 INFO  no build target found for C:\Project\spring.boot.redelog-api\src\main\java\com\redelog\api\model\Cliente.java. Using fallback presentation compiler.
2026.03.11 22:18:35 INFO  no build target found for C:\Project\spring.boot.redelog-api\src\main\java\com\redelog\api\model\Cliente.java. Using fallback presentation compiler.
2026.03.11 22:18:36 WARN  no build target for: C:\Project\spring.boot.redelog-api\src\main\java\com\redelog\api\model\Cliente.java
2026.03.11 22:19:01 INFO  no build target found for C:\Project\spring.boot.redelog-api\src\main\java\com\redelog\api\model\Cliente.java. Using fallback presentation compiler.
2026.03.11 22:19:19 INFO  no build target found for C:\Project\spring.boot.redelog-api\src\main\java\com\redelog\api\model\Cliente.java. Using fallback presentation compiler.
2026.03.11 22:19:20 WARN  no build target for: C:\Project\spring.boot.redelog-api\src\main\java\com\redelog\api\model\Cliente.java
2026.03.11 22:19:26 INFO  no build target found for C:\Project\spring.boot.redelog-api\src\main\java\com\redelog\api\model\Cliente.java. Using fallback presentation compiler.
2026.03.11 22:19:28 INFO  no build target found for C:\Project\spring.boot.redelog-api\src\main\java\com\redelog\api\model\Cliente.java. Using fallback presentation compiler.
2026.03.11 22:19:28 INFO  no build target found for C:\Project\spring.boot.redelog-api\src\main\java\com\redelog\api\model\Cliente.java. Using fallback presentation compiler.
2026.03.11 22:19:28 INFO  no build target found for C:\Project\spring.boot.redelog-api\src\main\java\com\redelog\api\model\Cliente.java. Using fallback presentation compiler.
2026.03.11 22:19:34 INFO  no build target found for C:\Project\spring.boot.redelog-api\src\main\java\com\redelog\api\model\Cliente.java. Using fallback presentation compiler.
2026.03.11 22:19:34 INFO  no build target found for C:\Project\spring.boot.redelog-api\src\main\java\com\redelog\api\model\Cliente.java. Using fallback presentation compiler.
2026.03.11 22:19:34 INFO  no build target found for C:\Project\spring.boot.redelog-api\src\main\java\com\redelog\api\model\Cliente.java. Using fallback presentation compiler.
2026.03.11 22:19:35 INFO  no build target found for C:\Project\spring.boot.redelog-api\src\main\java\com\redelog\api\model\Cliente.java. Using fallback presentation compiler.
2026.03.11 22:19:35 INFO  no build target found for C:\Project\spring.boot.redelog-api\src\main\java\com\redelog\api\model\Cliente.java. Using fallback presentation compiler.
2026.03.11 22:19:35 INFO  no build target found for C:\Project\spring.boot.redelog-api\src\main\java\com\redelog\api\model\Cliente.java. Using fallback presentation compiler.
2026.03.11 22:19:36 INFO  no build target found for C:\Project\spring.boot.redelog-api\src\main\java\com\redelog\api\model\Cliente.java. Using fallback presentation compiler.
2026.03.11 22:19:36 INFO  no build target found for C:\Project\spring.boot.redelog-api\src\main\java\com\redelog\api\model\Cliente.java. Using fallback presentation compiler.
2026.03.11 22:19:37 WARN  no build target for: C:\Project\spring.boot.redelog-api\src\main\java\com\redelog\api\model\Cliente.java
2026.03.11 22:19:38 INFO  no build target found for C:\Project\spring.boot.redelog-api\src\main\java\com\redelog\api\model\Cliente.java. Using fallback presentation compiler.
2026.03.11 22:19:38 INFO  no build target found for C:\Project\spring.boot.redelog-api\src\main\java\com\redelog\api\model\Cliente.java. Using fallback presentation compiler.
mar. 11, 2026 10:19:38 PM org.eclipse.lsp4j.jsonrpc.RemoteEndpoint handleCancellation
ADVERTÊNCIA: Unmatched cancel notification for request id 876
2026.03.11 22:19:38 INFO  no build target found for C:\Project\spring.boot.redelog-api\src\main\java\com\redelog\api\model\Cliente.java. Using fallback presentation compiler.
2026.03.11 22:19:38 INFO  no build target found for C:\Project\spring.boot.redelog-api\src\main\java\com\redelog\api\model\Cliente.java. Using fallback presentation compiler.
2026.03.11 22:19:38 INFO  no build target found for C:\Project\spring.boot.redelog-api\src\main\java\com\redelog\api\model\Cliente.java. Using fallback presentation compiler.
2026.03.11 22:19:38 INFO  no build target found for C:\Project\spring.boot.redelog-api\src\main\java\com\redelog\api\model\Cliente.java. Using fallback presentation compiler.
2026.03.11 22:19:39 INFO  no build target found for C:\Project\spring.boot.redelog-api\src\main\java\com\redelog\api\model\Cliente.java. Using fallback presentation compiler.
2026.03.11 22:19:39 INFO  no build target found for C:\Project\spring.boot.redelog-api\src\main\java\com\redelog\api\model\Cliente.java. Using fallback presentation compiler.
2026.03.11 22:19:39 INFO  no build target found for C:\Project\spring.boot.redelog-api\src\main\java\com\redelog\api\model\Cliente.java. Using fallback presentation compiler.
2026.03.11 22:19:39 INFO  no build target found for C:\Project\spring.boot.redelog-api\src\main\java\com\redelog\api\model\Cliente.java. Using fallback presentation compiler.
2026.03.11 22:19:40 INFO  no build target found for C:\Project\spring.boot.redelog-api\src\main\java\com\redelog\api\model\Cliente.java. Using fallback presentation compiler.
2026.03.11 22:19:40 INFO  no build target found for C:\Project\spring.boot.redelog-api\src\main\java\com\redelog\api\model\Cliente.java. Using fallback presentation compiler.
2026.03.11 22:19:40 INFO  no build target found for C:\Project\spring.boot.redelog-api\src\main\java\com\redelog\api\model\Cliente.java. Using fallback presentation compiler.
2026.03.11 22:19:42 INFO  no build target found for C:\Project\spring.boot.redelog-api\src\main\java\com\redelog\api\model\Cliente.java. Using fallback presentation compiler.
2026.03.11 22:19:46 INFO  no build target found for C:\Project\spring.boot.redelog-api\src\main\java\com\redelog\api\model\Cliente.java. Using fallback presentation compiler.
2026.03.11 22:19:46 INFO  no build target found for C:\Project\spring.boot.redelog-api\src\main\java\com\redelog\api\model\Cliente.java. Using fallback presentation compiler.
2026.03.11 22:19:46 INFO  no build target found for C:\Project\spring.boot.redelog-api\src\main\java\com\redelog\api\model\Cliente.java. Using fallback presentation compiler.
2026.03.11 22:19:46 INFO  no build target found for C:\Project\spring.boot.redelog-api\src\main\java\com\redelog\api\model\Cliente.java. Using fallback presentation compiler.
2026.03.11 22:19:47 INFO  no build target found for C:\Project\spring.boot.redelog-api\src\main\java\com\redelog\api\model\Cliente.java. Using fallback presentation compiler.
2026.03.11 22:19:47 INFO  no build target found for C:\Project\spring.boot.redelog-api\src\main\java\com\redelog\api\model\Cliente.java. Using fallback presentation compiler.
2026.03.11 22:19:47 INFO  no build target found for C:\Project\spring.boot.redelog-api\src\main\java\com\redelog\api\model\Cliente.java. Using fallback presentation compiler.
2026.03.11 22:19:49 INFO  no build target found for C:\Project\spring.boot.redelog-api\src\main\java\com\redelog\api\model\Cliente.java. Using fallback presentation compiler.
2026.03.11 22:19:49 INFO  no build target found for C:\Project\spring.boot.redelog-api\src\main\java\com\redelog\api\model\Cliente.java. Using fallback presentation compiler.
2026.03.11 22:19:49 INFO  no build target found for C:\Project\spring.boot.redelog-api\src\main\java\com\redelog\api\model\Cliente.java. Using fallback presentation compiler.
2026.03.11 22:19:50 INFO  no build target found for C:\Project\spring.boot.redelog-api\src\main\java\com\redelog\api\model\Cliente.java. Using fallback presentation compiler.
2026.03.11 22:19:50 INFO  no build target found for C:\Project\spring.boot.redelog-api\src\main\java\com\redelog\api\model\Cliente.java. Using fallback presentation compiler.
2026.03.11 22:19:51 INFO  no build target found for C:\Project\spring.boot.redelog-api\src\main\java\com\redelog\api\model\Cliente.java. Using fallback presentation compiler.
2026.03.11 22:19:51 INFO  no build target found for C:\Project\spring.boot.redelog-api\src\main\java\com\redelog\api\model\Cliente.java. Using fallback presentation compiler.
2026.03.11 22:19:51 INFO  no build target found for C:\Project\spring.boot.redelog-api\src\main\java\com\redelog\api\model\Cliente.java. Using fallback presentation compiler.
2026.03.11 22:19:51 INFO  no build target found for C:\Project\spring.boot.redelog-api\src\main\java\com\redelog\api\model\Cliente.java. Using fallback presentation compiler.
2026.03.11 22:19:51 INFO  no build target found for C:\Project\spring.boot.redelog-api\src\main\java\com\redelog\api\model\Cliente.java. Using fallback presentation compiler.
2026.03.11 22:19:51 INFO  no build target found for C:\Project\spring.boot.redelog-api\src\main\java\com\redelog\api\model\Cliente.java. Using fallback presentation compiler.
2026.03.11 22:19:51 INFO  no build target found for C:\Project\spring.boot.redelog-api\src\main\java\com\redelog\api\model\Cliente.java. Using fallback presentation compiler.
2026.03.11 22:19:53 INFO  no build target found for C:\Project\spring.boot.redelog-api\src\main\java\com\redelog\api\model\Cliente.java. Using fallback presentation compiler.
2026.03.11 22:19:53 INFO  no build target found for C:\Project\spring.boot.redelog-api\src\main\java\com\redelog\api\model\Cliente.java. Using fallback presentation compiler.
2026.03.11 22:19:53 INFO  no build target found for C:\Project\spring.boot.redelog-api\src\main\java\com\redelog\api\model\Cliente.java. Using fallback presentation compiler.
2026.03.11 22:19:53 INFO  no build target found for C:\Project\spring.boot.redelog-api\src\main\java\com\redelog\api\model\Cliente.java. Using fallback presentation compiler.
2026.03.11 22:19:54 INFO  no build target found for C:\Project\spring.boot.redelog-api\src\main\java\com\redelog\api\model\Cliente.java. Using fallback presentation compiler.
2026.03.11 22:19:54 INFO  no build target found for C:\Project\spring.boot.redelog-api\src\main\java\com\redelog\api\model\Cliente.java. Using fallback presentation compiler.
2026.03.11 22:19:54 INFO  no build target found for C:\Project\spring.boot.redelog-api\src\main\java\com\redelog\api\model\Cliente.java. Using fallback presentation compiler.
2026.03.11 22:19:54 INFO  no build target found for C:\Project\spring.boot.redelog-api\src\main\java\com\redelog\api\model\Cliente.java. Using fallback presentation compiler.
2026.03.11 22:19:55 INFO  no build target found for C:\Project\spring.boot.redelog-api\src\main\java\com\redelog\api\model\Cliente.java. Using fallback presentation compiler.
2026.03.11 22:19:55 INFO  no build target found for C:\Project\spring.boot.redelog-api\src\main\java\com\redelog\api\model\Cliente.java. Using fallback presentation compiler.
2026.03.11 22:19:55 INFO  no build target found for C:\Project\spring.boot.redelog-api\src\main\java\com\redelog\api\model\Cliente.java. Using fallback presentation compiler.
2026.03.11 22:20:02 INFO  no build target found for C:\Project\spring.boot.redelog-api\src\main\java\com\redelog\api\model\Cliente.java. Using fallback presentation compiler.
2026.03.11 22:20:03 INFO  no build target found for C:\Project\spring.boot.redelog-api\src\main\java\com\redelog\api\model\Entrega.java. Using fallback presentation compiler.
2026.03.11 22:20:03 INFO  no build target found for C:\Project\spring.boot.redelog-api\src\main\java\com\redelog\api\model\Entrega.java. Using fallback presentation compiler.
2026.03.11 22:20:07 INFO  no build target found for C:\Project\spring.boot.redelog-api\src\main\java\com\redelog\api\model\Cliente.java. Using fallback presentation compiler.
2026.03.11 22:20:07 WARN  no build target for: C:\Project\spring.boot.redelog-api\src\main\java\com\redelog\api\model\Cliente.java
2026.03.11 22:20:07 INFO  no build target found for C:\Project\spring.boot.redelog-api\src\main\java\com\redelog\api\model\Cliente.java. Using fallback presentation compiler.
2026.03.11 22:20:07 INFO  no build target found for C:\Project\spring.boot.redelog-api\src\main\java\com\redelog\api\model\Cliente.java. Using fallback presentation compiler.
2026.03.11 22:23:03 INFO  no build target found for C:\Project\spring.boot.redelog-api\src\main\java\com\redelog\api\model\Cliente.java. Using fallback presentation compiler.
2026.03.11 22:23:06 INFO  no build target found for C:\Project\spring.boot.redelog-api\src\main\java\com\redelog\api\model\Cliente.java. Using fallback presentation compiler.
2026.03.11 22:24:27 INFO  no build target found for C:\Project\spring.boot.redelog-api\src\main\java\com\redelog\api\model\Cliente.java. Using fallback presentation compiler.
2026.03.11 22:26:45 INFO  no build target found for C:\Project\spring.boot.redelog-api\src\main\java\com\redelog\api\model\Entrega.java. Using fallback presentation compiler.
2026.03.11 22:26:45 WARN  no build target for: C:\Project\spring.boot.redelog-api\src\main\java\com\redelog\api\model\Entrega.java
2026.03.11 22:26:45 INFO  no build target found for C:\Project\spring.boot.redelog-api\src\main\java\com\redelog\api\model\Entrega.java. Using fallback presentation compiler.
2026.03.11 22:26:45 INFO  no build target found for C:\Project\spring.boot.redelog-api\src\main\java\com\redelog\api\model\Cliente.java. Using fallback presentation compiler.
2026.03.11 22:26:46 WARN  no build target for: C:\Project\spring.boot.redelog-api\src\main\java\com\redelog\api\model\Cliente.java
2026.03.11 22:28:32 INFO  no build target found for C:\Project\spring.boot.redelog-api\src\main\java\com\redelog\api\model\Entrega.java. Using fallback presentation compiler.
2026.03.11 22:28:32 INFO  no build target found for C:\Project\spring.boot.redelog-api\src\main\java\com\redelog\api\model\Motorista.java. Using fallback presentation compiler.
2026.03.11 22:28:32 INFO  no build target found for C:\Project\spring.boot.redelog-api\src\main\java\com\redelog\api\model\Motorista.java. Using fallback presentation compiler.
2026.03.11 22:28:34 INFO  no build target found for C:\Project\spring.boot.redelog-api\src\main\java\com\redelog\api\model\Motorista.java. Using fallback presentation compiler.
2026.03.11 22:28:34 INFO  no build target found for C:\Project\spring.boot.redelog-api\src\main\java\com\redelog\api\model\Motorista.java. Using fallback presentation compiler.
2026.03.11 22:28:35 INFO  no build target found for C:\Project\spring.boot.redelog-api\src\main\java\com\redelog\api\model\Motorista.java. Using fallback presentation compiler.
2026.03.11 22:28:36 WARN  no build target for: C:\Project\spring.boot.redelog-api\src\main\java\com\redelog\api\model\Motorista.java
2026.03.11 22:29:11 INFO  no build target found for C:\Project\spring.boot.redelog-api\src\main\java\com\redelog\api\model\Entrega.java. Using fallback presentation compiler.
2026.03.11 22:29:11 INFO  no build target found for C:\Project\spring.boot.redelog-api\src\main\java\com\redelog\api\model\Entrega.java. Using fallback presentation compiler.
2026.03.11 22:29:11 INFO  no build target found for C:\Project\spring.boot.redelog-api\src\main\java\com\redelog\api\model\Cliente.java. Using fallback presentation compiler.
2026.03.11 22:29:12 WARN  no build target for: C:\Project\spring.boot.redelog-api\src\main\java\com\redelog\api\model\Cliente.java
2026.03.11 22:29:14 INFO  no build target found for C:\Project\spring.boot.redelog-api\src\main\java\com\redelog\api\model\Entrega.java. Using fallback presentation compiler.
2026.03.11 22:29:14 INFO  no build target found for C:\Project\spring.boot.redelog-api\src\main\java\com\redelog\api\model\Entrega.java. Using fallback presentation compiler.
2026.03.11 22:29:17 INFO  no build target found for C:\Project\spring.boot.redelog-api\src\main\java\com\redelog\api\model\filiais.java. Using fallback presentation compiler.
2026.03.11 22:29:17 WARN  no build target for: C:\Project\spring.boot.redelog-api\src\main\java\com\redelog\api\model\filiais.java
2026.03.11 22:29:17 INFO  no build target found for C:\Project\spring.boot.redelog-api\src\main\java\com\redelog\api\model\Motorista.java. Using fallback presentation compiler.
2026.03.11 22:29:18 WARN  no build target for: C:\Project\spring.boot.redelog-api\src\main\java\com\redelog\api\model\Motorista.java
2026.03.11 22:29:18 INFO  no build target found for C:\Project\spring.boot.redelog-api\src\main\java\com\redelog\api\model\Entrega.java. Using fallback presentation compiler.
2026.03.11 22:29:18 WARN  no build target for: C:\Project\spring.boot.redelog-api\src\main\java\com\redelog\api\model\Entrega.java
2026.03.11 22:29:18 INFO  no build target found for C:\Project\spring.boot.redelog-api\src\main\java\com\redelog\api\model\Entrega.java. Using fallback presentation compiler.
2026.03.11 22:29:18 INFO  no build target found for C:\Project\spring.boot.redelog-api\src\main\java\com\redelog\api\model\Entrega.java. Using fallback presentation compiler.
2026.03.11 22:32:27 INFO  no build target found for C:\Project\spring.boot.redelog-api\src\main\java\com\redelog\api\model\Entrega.java. Using fallback presentation compiler.
2026.03.11 22:32:30 INFO  no build target found for C:\Project\spring.boot.redelog-api\src\main\java\com\redelog\api\model\filiais.java. Using fallback presentation compiler.
2026.03.11 22:32:30 WARN  no build target for: C:\Project\spring.boot.redelog-api\src\main\java\com\redelog\api\model\filiais.java
2026.03.11 22:32:48 INFO  no build target found for C:\Project\spring.boot.redelog-api\src\main\java\com\redelog\api\model\Entrega.java. Using fallback presentation compiler.
2026.03.11 22:32:48 WARN  no build target for: C:\Project\spring.boot.redelog-api\src\main\java\com\redelog\api\model\Entrega.java
2026.03.11 22:32:48 INFO  no build target found for C:\Project\spring.boot.redelog-api\src\main\java\com\redelog\api\model\Entrega.java. Using fallback presentation compiler.
2026.03.11 22:32:48 INFO  no build target found for C:\Project\spring.boot.redelog-api\src\main\java\com\redelog\api\model\Entrega.java. Using fallback presentation compiler.
2026.03.11 22:32:49 INFO  no build target found for C:\Project\spring.boot.redelog-api\src\main\java\com\redelog\api\model\Cliente.java. Using fallback presentation compiler.
2026.03.11 22:32:49 WARN  no build target for: C:\Project\spring.boot.redelog-api\src\main\java\com\redelog\api\model\Cliente.java
2026.03.11 22:32:49 INFO  no build target found for C:\Project\spring.boot.redelog-api\src\main\java\com\redelog\api\model\Entrega.java. Using fallback presentation compiler.
2026.03.11 22:32:50 WARN  no build target for: C:\Project\spring.boot.redelog-api\src\main\java\com\redelog\api\model\Entrega.java
2026.03.11 22:32:49 INFO  no build target found for C:\Project\spring.boot.redelog-api\src\main\java\com\redelog\api\model\Entrega.java. Using fallback presentation compiler.
2026.03.11 22:32:49 INFO  no build target found for C:\Project\spring.boot.redelog-api\src\main\java\com\redelog\api\model\Entrega.java. Using fallback presentation compiler.
2026.03.11 22:32:51 INFO  no build target found for C:\Project\spring.boot.redelog-api\src\main\java\com\redelog\api\model\filiais.java. Using fallback presentation compiler.
2026.03.11 22:32:51 WARN  no build target for: C:\Project\spring.boot.redelog-api\src\main\java\com\redelog\api\model\filiais.java
2026.03.11 22:32:51 INFO  no build target found for C:\Project\spring.boot.redelog-api\src\main\java\com\redelog\api\model\Motorista.java. Using fallback presentation compiler.
2026.03.11 22:32:51 WARN  no build target for: C:\Project\spring.boot.redelog-api\src\main\java\com\redelog\api\model\Motorista.java
2026.03.11 22:32:52 INFO  no build target found for C:\Project\spring.boot.redelog-api\src\main\java\com\redelog\api\model\filiais.java. Using fallback presentation compiler.
2026.03.11 22:32:52 WARN  no build target for: C:\Project\spring.boot.redelog-api\src\main\java\com\redelog\api\model\filiais.java
2026.03.11 22:32:52 INFO  no build target found for C:\Project\spring.boot.redelog-api\src\main\java\com\redelog\api\model\Entrega.java. Using fallback presentation compiler.
2026.03.11 22:32:52 WARN  no build target for: C:\Project\spring.boot.redelog-api\src\main\java\com\redelog\api\model\Entrega.java
2026.03.11 22:32:52 INFO  no build target found for C:\Project\spring.boot.redelog-api\src\main\java\com\redelog\api\model\Entrega.java. Using fallback presentation compiler.
2026.03.11 22:32:52 INFO  no build target found for C:\Project\spring.boot.redelog-api\src\main\java\com\redelog\api\model\Entrega.java. Using fallback presentation compiler.
2026.03.11 22:32:53 INFO  no build target found for C:\Project\spring.boot.redelog-api\src\main\java\com\redelog\api\model\filiais.java. Using fallback presentation compiler.
2026.03.11 22:32:53 WARN  no build target for: C:\Project\spring.boot.redelog-api\src\main\java\com\redelog\api\model\filiais.java
2026.03.11 22:32:53 INFO  no build target found for C:\Project\spring.boot.redelog-api\src\main\java\com\redelog\api\model\Entrega.java. Using fallback presentation compiler.
2026.03.11 22:32:54 WARN  no build target for: C:\Project\spring.boot.redelog-api\src\main\java\com\redelog\api\model\Entrega.java
2026.03.11 22:32:53 INFO  no build target found for C:\Project\spring.boot.redelog-api\src\main\java\com\redelog\api\model\Entrega.java. Using fallback presentation compiler.
2026.03.11 22:32:53 INFO  no build target found for C:\Project\spring.boot.redelog-api\src\main\java\com\redelog\api\model\Entrega.java. Using fallback presentation compiler.
2026.03.11 22:33:44 INFO  no build target found for C:\Project\spring.boot.redelog-api\src\main\java\com\redelog\api\model\filiais.java. Using fallback presentation compiler.
2026.03.11 22:33:44 WARN  no build target for: C:\Project\spring.boot.redelog-api\src\main\java\com\redelog\api\model\filiais.java
2026.03.11 22:33:45 INFO  no build target found for C:\Project\spring.boot.redelog-api\src\main\java\com\redelog\api\model\Motorista.java. Using fallback presentation compiler.
2026.03.11 22:33:45 WARN  no build target for: C:\Project\spring.boot.redelog-api\src\main\java\com\redelog\api\model\Motorista.java
2026.03.11 22:33:45 INFO  no build target found for C:\Project\spring.boot.redelog-api\src\main\java\com\redelog\api\model\filiais.java. Using fallback presentation compiler.
2026.03.11 22:33:46 WARN  no build target for: C:\Project\spring.boot.redelog-api\src\main\java\com\redelog\api\model\filiais.java
2026.03.11 22:34:11 INFO  no build target found for C:\Project\spring.boot.redelog-api\src\main\java\com\redelog\api\model\Cliente.java. Using fallback presentation compiler.
2026.03.11 22:34:11 WARN  no build target for: C:\Project\spring.boot.redelog-api\src\main\java\com\redelog\api\model\Cliente.java
2026.03.11 22:34:12 INFO  no build target found for C:\Project\spring.boot.redelog-api\src\main\java\com\redelog\api\model\Entrega.java. Using fallback presentation compiler.
2026.03.11 22:34:12 WARN  no build target for: C:\Project\spring.boot.redelog-api\src\main\java\com\redelog\api\model\Entrega.java
2026.03.11 22:34:12 INFO  no build target found for C:\Project\spring.boot.redelog-api\src\main\java\com\redelog\api\model\Entrega.java. Using fallback presentation compiler.
2026.03.11 22:34:12 INFO  no build target found for C:\Project\spring.boot.redelog-api\src\main\java\com\redelog\api\model\Entrega.java. Using fallback presentation compiler.
2026.03.11 22:34:14 INFO  no build target found for C:\Project\spring.boot.redelog-api\src\main\java\com\redelog\api\model\filiais.java. Using fallback presentation compiler.
2026.03.11 22:34:14 WARN  no build target for: C:\Project\spring.boot.redelog-api\src\main\java\com\redelog\api\model\filiais.java
2026.03.11 22:38:10 INFO  no build target found for C:\Project\spring.boot.redelog-api\src\main\java\com\redelog\api\model\Motorista.java. Using fallback presentation compiler.
2026.03.11 22:38:10 WARN  no build target for: C:\Project\spring.boot.redelog-api\src\main\java\com\redelog\api\model\Motorista.java
2026.03.11 22:38:10 INFO  no build target found for C:\Project\spring.boot.redelog-api\src\main\java\com\redelog\api\model\Entrega.java. Using fallback presentation compiler.
2026.03.11 22:38:11 WARN  no build target for: C:\Project\spring.boot.redelog-api\src\main\java\com\redelog\api\model\Entrega.java
2026.03.11 22:38:10 INFO  no build target found for C:\Project\spring.boot.redelog-api\src\main\java\com\redelog\api\model\Entrega.java. Using fallback presentation compiler.
2026.03.11 22:38:10 INFO  no build target found for C:\Project\spring.boot.redelog-api\src\main\java\com\redelog\api\model\Entrega.java. Using fallback presentation compiler.
2026.03.11 22:38:11 INFO  no build target found for C:\Project\spring.boot.redelog-api\src\main\java\com\redelog\api\model\filiais.java. Using fallback presentation compiler.
2026.03.11 22:38:11 WARN  no build target for: C:\Project\spring.boot.redelog-api\src\main\java\com\redelog\api\model\filiais.java
2026.03.11 22:38:11 INFO  no build target found for C:\Project\spring.boot.redelog-api\src\main\java\com\redelog\api\model\Cliente.java. Using fallback presentation compiler.
2026.03.11 22:38:12 WARN  no build target for: C:\Project\spring.boot.redelog-api\src\main\java\com\redelog\api\model\Cliente.java
2026.03.11 22:38:13 INFO  no build target found for C:\Project\spring.boot.redelog-api\src\main\java\com\redelog\api\model\filiais.java. Using fallback presentation compiler.
2026.03.11 22:38:13 WARN  no build target for: C:\Project\spring.boot.redelog-api\src\main\java\com\redelog\api\model\filiais.java
2026.03.11 22:38:13 INFO  no build target found for C:\Project\spring.boot.redelog-api\src\main\java\com\redelog\api\model\Motorista.java. Using fallback presentation compiler.
2026.03.11 22:38:14 WARN  no build target for: C:\Project\spring.boot.redelog-api\src\main\java\com\redelog\api\model\Motorista.java
2026.03.11 22:38:53 INFO  Shutting down server
2026.03.11 22:38:53 INFO  Memory monitor stopped
2026.03.11 22:38:53 INFO  shutting down Metals
2026.03.11 22:38:53 INFO  Exiting server
2026.08.18 17:43:19 INFO  Started: Metals version 1.6.8 in folders 'C:\Project\spring.boot.redelog-api' for client Visual Studio Code 1.133.0.
2026.08.18 17:43:19 INFO  Memory monitor started
2026.08.18 17:43:20 WARN  Using H2 2.4.240 which is newer than the version Flyway has been verified with. The latest verified version of H2 is 2.3.232.
2026.08.18 17:43:20 INFO  no build target found for C:\Project\spring.boot.redelog-api\src\main\java\com\redelog\api\service\ClienteService.java. Using fallback presentation compiler.
2026.08.18 17:43:20 INFO  no build target found for C:\Project\spring.boot.redelog-api\src\main\java\com\redelog\api\service\ClienteService.java. Using fallback presentation compiler.
ago. 18, 2026 5:43:21 PM org.eclipse.lsp4j.jsonrpc.RemoteEndpoint handleCancellation
ADVERTÊNCIA: Unmatched cancel notification for request id 4
2026.08.18 17:43:20 INFO  no build target found for C:\Project\spring.boot.redelog-api\src\main\java\com\redelog\api\service\ClienteService.java. Using fallback presentation compiler.
2026.08.18 17:43:33 INFO  running 'C:\Program Files\Java\zulu17.54.21-ca-jdk17.0.13-win_x64\bin\java.exe -Dfile.encoding=UTF-8 -Dmaven.multiModuleProjectDirectory=C:\Project\spring.boot.redelog-api -Dmaven.home=C:\Users\thiag\AppData\Local\Temp\metals14677226816421032666 -cp C:\Users\thiag\AppData\Local\Temp\metals14677226816421032666\maven-wrapper.jar org.apache.maven.wrapper.MavenWrapperMain generate-sources ch.epfl.scala:bloop-maven-plugin:2.0.5:bloopInstall -DdownloadSources=true'
2026.08.18 17:43:35 INFO  [INFO] Scanning for projects...
2026.08.18 17:43:35 INFO  Downloading from central: https://repo.maven.apache.org/maven2/ch/epfl/scala/bloop-maven-plugin/2.0.5/bloop-maven-plugin-2.0.5.pom
2026.08.18 17:43:36 INFO  Progress (1): 1.1 kB
2026.08.18 17:43:36 INFO  Progress (1): 2.5 kB
2026.08.18 17:43:36 INFO  Progress (1): 5.6 kB
2026.08.18 17:43:36 INFO  Progress (1): 8.0 kB
2026.08.18 17:43:36 INFO                      
2026.08.18 17:43:36 INFO  Downloaded from central: https://repo.maven.apache.org/maven2/ch/epfl/scala/bloop-maven-plugin/2.0.5/bloop-maven-plugin-2.0.5.pom (8.0 kB at 15 kB/s)
2026.08.18 17:43:36 INFO  Downloading from central: https://repo.maven.apache.org/maven2/ch/epfl/scala/bloop-maven-plugin/2.0.5/bloop-maven-plugin-2.0.5.jar
2026.08.18 17:43:36 INFO  Progress (1): 0.9/53 kB
2026.08.18 17:43:36 INFO  Progress (1): 2.3/53 kB
2026.08.18 17:43:36 INFO  Progress (1): 3.6/53 kB
2026.08.18 17:43:36 INFO  Progress (1): 5.0/53 kB
2026.08.18 17:43:36 INFO  Progress (1): 6.4/53 kB
2026.08.18 17:43:36 INFO  Progress (1): 7.8/53 kB
2026.08.18 17:43:36 INFO  Progress (1): 9.1/53 kB
2026.08.18 17:43:36 INFO  Progress (1): 10/53 kB 
2026.08.18 17:43:36 INFO  Progress (1): 12/53 kB
2026.08.18 17:43:36 INFO  Progress (1): 13/53 kB
2026.08.18 17:43:36 INFO  Progress (1): 15/53 kB
2026.08.18 17:43:36 INFO  Progress (1): 16/53 kB
2026.08.18 17:43:36 INFO  Progress (1): 17/53 kB
2026.08.18 17:43:36 INFO  Progress (1): 19/53 kB
2026.08.18 17:43:36 INFO  Progress (1): 20/53 kB
2026.08.18 17:43:36 INFO  Progress (1): 21/53 kB
2026.08.18 17:43:36 INFO  Progress (1): 23/53 kB
2026.08.18 17:43:36 INFO  Progress (1): 24/53 kB
2026.08.18 17:43:36 INFO  Progress (1): 26/53 kB
2026.08.18 17:43:36 INFO  Progress (1): 27/53 kB
2026.08.18 17:43:36 INFO  Progress (1): 28/53 kB
2026.08.18 17:43:36 INFO  Progress (1): 30/53 kB
2026.08.18 17:43:36 INFO  Progress (1): 31/53 kB
2026.08.18 17:43:36 INFO  Progress (1): 32/53 kB
2026.08.18 17:43:36 INFO  Progress (1): 34/53 kB
2026.08.18 17:43:36 INFO  Progress (1): 35/53 kB
2026.08.18 17:43:36 INFO  Progress (1): 36/53 kB
2026.08.18 17:43:36 INFO  Progress (1): 38/53 kB
2026.08.18 17:43:36 INFO  Progress (1): 39/53 kB
2026.08.18 17:43:36 INFO  Progress (1): 41/53 kB
2026.08.18 17:43:36 INFO  Progress (1): 42/53 kB
2026.08.18 17:43:36 INFO  Progress (1): 43/53 kB
2026.08.18 17:43:36 INFO  Progress (1): 45/53 kB
2026.08.18 17:43:36 INFO  Progress (1): 46/53 kB
2026.08.18 17:43:36 INFO  Progress (1): 47/53 kB
2026.08.18 17:43:36 INFO  Progress (1): 49/53 kB
2026.08.18 17:43:36 INFO  Progress (1): 50/53 kB
2026.08.18 17:43:36 INFO  Progress (1): 52/53 kB
2026.08.18 17:43:36 INFO  Progress (1): 53 kB   
2026.08.18 17:43:36 INFO                     
2026.08.18 17:43:36 INFO  Downloaded from central: https://repo.maven.apache.org/maven2/ch/epfl/scala/bloop-maven-plugin/2.0.5/bloop-maven-plugin-2.0.5.jar (53 kB at 213 kB/s)
2026.08.18 17:43:36 INFO  [INFO] 
2026.08.18 17:43:36 INFO  [INFO] ----------------------< com.redelog:redelog-api >-----------------------
2026.08.18 17:43:36 INFO  [INFO] Building redelog-api 0.0.1-SNAPSHOT
2026.08.18 17:43:36 INFO  [INFO]   from pom.xml
2026.08.18 17:43:36 INFO  [INFO] --------------------------------[ jar ]---------------------------------
2026.08.18 17:43:36 INFO  [INFO] 
2026.08.18 17:43:36 INFO  [INFO] --- bloop:2.0.5:bloopInstall (default-cli) @ redelog-api ---
2026.08.18 17:43:37 INFO  no build target found for C:\Project\spring.boot.redelog-api\src\main\java\com\redelog\api\service\ClienteService.java. Using fallback presentation compiler.
2026.08.18 17:43:37 WARN  no build target for: C:\Project\spring.boot.redelog-api\src\main\java\com\redelog\api\service\ClienteService.java
2026.08.18 17:43:37 INFO  no build target found for C:\Project\spring.boot.redelog-api\src\main\java\com\redelog\api\service\ClienteService.java. Using fallback presentation compiler.
2026.08.18 17:43:37 INFO  no build target found for C:\Project\spring.boot.redelog-api\src\main\java\com\redelog\api\service\ClienteService.java. Using fallback presentation compiler.
2026.08.18 17:43:37 INFO  no build target found for C:\Project\spring.boot.redelog-api\src\main\java\com\redelog\api\service\ClienteService.java. Using fallback presentation compiler.
2026.08.18 17:43:37 INFO  no build target found for C:\Project\spring.boot.redelog-api\src\main\java\com\redelog\api\service\ClienteService.java. Using fallback presentation compiler.
2026.08.18 17:43:38 INFO  [ERROR] org.scala-lang:scala([0-9]?)-library is missing from project dependencies
2026.08.18 17:43:38 INFO  [INFO] Resolving artifact: org.springframework.boot:spring-boot-starter-jdbc:jar:3.5.11:compile (sources = false)
2026.08.18 17:43:38 INFO  [INFO] SUCCESS: org.springframework.boot:spring-boot-starter-jdbc:jar:3.5.11:compile (sources = false)
2026.08.18 17:43:38 INFO  [INFO] Resolving artifact: org.springframework.boot:spring-boot-starter-jdbc:jar:3.5.11:compile (sources = true)
2026.08.18 17:43:38 INFO  [INFO] SUCCESS: org.springframework.boot:spring-boot-starter-jdbc:jar:3.5.11:compile (sources = true)
2026.08.18 17:43:38 INFO  [INFO] Resolving artifact: jakarta.xml.bind:jakarta.xml.bind-api:jar:4.0.4:runtime (sources = false)
2026.08.18 17:43:38 INFO  [INFO] SUCCESS: jakarta.xml.bind:jakarta.xml.bind-api:jar:4.0.4:runtime (sources = false)
2026.08.18 17:43:38 INFO  [INFO] Resolving artifact: jakarta.xml.bind:jakarta.xml.bind-api:jar:4.0.4:runtime (sources = true)
2026.08.18 17:43:38 INFO  [INFO] SUCCESS: jakarta.xml.bind:jakarta.xml.bind-api:jar:4.0.4:runtime (sources = true)
2026.08.18 17:43:38 INFO  [INFO] Resolving artifact: org.springframework.boot:spring-boot-starter-logging:jar:3.5.11:compile (sources = false)
2026.08.18 17:43:38 INFO  [INFO] SUCCESS: org.springframework.boot:spring-boot-starter-logging:jar:3.5.11:compile (sources = false)
2026.08.18 17:43:38 INFO  [INFO] Resolving artifact: org.springframework.boot:spring-boot-starter-logging:jar:3.5.11:compile (sources = true)
2026.08.18 17:43:38 INFO  [INFO] SUCCESS: org.springframework.boot:spring-boot-starter-logging:jar:3.5.11:compile (sources = true)
2026.08.18 17:43:38 INFO  [INFO] Resolving artifact: org.hamcrest:hamcrest:jar:3.0:test (sources = false)
2026.08.18 17:43:38 INFO  [INFO] SUCCESS: org.hamcrest:hamcrest:jar:3.0:test (sources = false)
2026.08.18 17:43:38 INFO  [INFO] Resolving artifact: org.hamcrest:hamcrest:jar:3.0:test (sources = true)
2026.08.18 17:43:38 INFO  [INFO] SUCCESS: org.hamcrest:hamcrest:jar:3.0:test (sources = true)
2026.08.18 17:43:38 INFO  [INFO] Resolving artifact: org.yaml:snakeyaml:jar:2.4:compile (sources = false)
2026.08.18 17:43:38 INFO  [INFO] SUCCESS: org.yaml:snakeyaml:jar:2.4:compile (sources = false)
2026.08.18 17:43:38 INFO  [INFO] Resolving artifact: org.yaml:snakeyaml:jar:2.4:compile (sources = true)
2026.08.18 17:43:38 INFO  [INFO] SUCCESS: org.yaml:snakeyaml:jar:2.4:compile (sources = true)
2026.08.18 17:43:38 INFO  [INFO] Resolving artifact: org.springframework.boot:spring-boot-starter:jar:3.5.11:compile (sources = false)
2026.08.18 17:43:38 INFO  [INFO] SUCCESS: org.springframework.boot:spring-boot-starter:jar:3.5.11:compile (sources = false)
2026.08.18 17:43:38 INFO  [INFO] Resolving artifact: org.springframework.boot:spring-boot-starter:jar:3.5.11:compile (sources = true)
2026.08.18 17:43:38 INFO  [INFO] SUCCESS: org.springframework.boot:spring-boot-starter:jar:3.5.11:compile (sources = true)
2026.08.18 17:43:38 INFO  [INFO] Resolving artifact: net.minidev:json-smart:jar:2.5.2:test (sources = false)
2026.08.18 17:43:38 INFO  [INFO] SUCCESS: net.minidev:json-smart:jar:2.5.2:test (sources = false)
2026.08.18 17:43:38 INFO  [INFO] Resolving artifact: net.minidev:json-smart:jar:2.5.2:test (sources = true)
2026.08.18 17:43:38 INFO  [INFO] SUCCESS: net.minidev:json-smart:jar:2.5.2:test (sources = true)
2026.08.18 17:43:38 INFO  [INFO] Resolving artifact: com.sun.istack:istack-commons-runtime:jar:4.1.2:runtime (sources = false)
2026.08.18 17:43:38 INFO  [INFO] SUCCESS: com.sun.istack:istack-commons-runtime:jar:4.1.2:runtime (sources = false)
2026.08.18 17:43:38 INFO  [INFO] Resolving artifact: com.sun.istack:istack-commons-runtime:jar:4.1.2:runtime (sources = true)
2026.08.18 17:43:38 INFO  [INFO] SUCCESS: com.sun.istack:istack-commons-runtime:jar:4.1.2:runtime (sources = true)
2026.08.18 17:43:38 INFO  [INFO] Resolving artifact: org.objenesis:objenesis:jar:3.3:test (sources = false)
2026.08.18 17:43:38 INFO  [INFO] SUCCESS: org.objenesis:objenesis:jar:3.3:test (sources = false)
2026.08.18 17:43:38 INFO  [INFO] Resolving artifact: org.objenesis:objenesis:jar:3.3:test (sources = true)
2026.08.18 17:43:38 INFO  [INFO] SUCCESS: org.objenesis:objenesis:jar:3.3:test (sources = true)
2026.08.18 17:43:38 INFO  [INFO] Resolving artifact: org.springframework.boot:spring-boot-starter-web:jar:3.5.11:compile (sources = false)
2026.08.18 17:43:38 INFO  [INFO] SUCCESS: org.springframework.boot:spring-boot-starter-web:jar:3.5.11:compile (sources = false)
2026.08.18 17:43:38 INFO  [INFO] Resolving artifact: org.springframework.boot:spring-boot-starter-web:jar:3.5.11:compile (sources = true)
2026.08.18 17:43:38 INFO  [INFO] SUCCESS: org.springframework.boot:spring-boot-starter-web:jar:3.5.11:compile (sources = true)
2026.08.18 17:43:38 INFO  [INFO] Resolving artifact: org.apache.logging.log4j:log4j-to-slf4j:jar:2.24.3:compile (sources = false)
2026.08.18 17:43:38 INFO  [INFO] SUCCESS: org.apache.logging.log4j:log4j-to-slf4j:jar:2.24.3:compile (sources = false)
2026.08.18 17:43:38 INFO  [INFO] Resolving artifact: org.apache.logging.log4j:log4j-to-slf4j:jar:2.24.3:compile (sources = true)
2026.08.18 17:43:38 INFO  [INFO] SUCCESS: org.apache.logging.log4j:log4j-to-slf4j:jar:2.24.3:compile (sources = true)
2026.08.18 17:43:38 INFO  [INFO] Resolving artifact: org.antlr:antlr4-runtime:jar:4.13.0:compile (sources = false)
2026.08.18 17:43:38 INFO  [INFO] SUCCESS: org.antlr:antlr4-runtime:jar:4.13.0:compile (sources = false)
2026.08.18 17:43:38 INFO  [INFO] Resolving artifact: org.antlr:antlr4-runtime:jar:4.13.0:compile (sources = true)
2026.08.18 17:43:38 INFO  [INFO] SUCCESS: org.antlr:antlr4-runtime:jar:4.13.0:compile (sources = true)
2026.08.18 17:43:38 INFO  [INFO] Resolving artifact: org.junit.jupiter:junit-jupiter-params:jar:5.12.2:test (sources = false)
2026.08.18 17:43:38 INFO  [INFO] SUCCESS: org.junit.jupiter:junit-jupiter-params:jar:5.12.2:test (sources = false)
2026.08.18 17:43:38 INFO  [INFO] Resolving artifact: org.junit.jupiter:junit-jupiter-params:jar:5.12.2:test (sources = true)
2026.08.18 17:43:38 INFO  [INFO] SUCCESS: org.junit.jupiter:junit-jupiter-params:jar:5.12.2:test (sources = true)
2026.08.18 17:43:38 INFO  [INFO] Resolving artifact: org.slf4j:slf4j-api:jar:2.0.17:compile (sources = false)
2026.08.18 17:43:38 INFO  [INFO] SUCCESS: org.slf4j:slf4j-api:jar:2.0.17:compile (sources = false)
2026.08.18 17:43:38 INFO  [INFO] Resolving artifact: org.slf4j:slf4j-api:jar:2.0.17:compile (sources = true)
2026.08.18 17:43:38 INFO  [INFO] SUCCESS: org.slf4j:slf4j-api:jar:2.0.17:compile (sources = true)
2026.08.18 17:43:38 INFO  [INFO] Resolving artifact: org.hibernate.orm:hibernate-core:jar:6.6.42.Final:compile (sources = false)
2026.08.18 17:43:38 INFO  [INFO] SUCCESS: org.hibernate.orm:hibernate-core:jar:6.6.42.Final:compile (sources = false)
2026.08.18 17:43:38 INFO  [INFO] Resolving artifact: org.hibernate.orm:hibernate-core:jar:6.6.42.Final:compile (sources = true)
2026.08.18 17:43:38 INFO  [INFO] SUCCESS: org.hibernate.orm:hibernate-core:jar:6.6.42.Final:compile (sources = true)
2026.08.18 17:43:38 INFO  [INFO] Resolving artifact: ch.qos.logback:logback-core:jar:1.5.32:compile (sources = false)
2026.08.18 17:43:38 INFO  [INFO] SUCCESS: ch.qos.logback:logback-core:jar:1.5.32:compile (sources = false)
2026.08.18 17:43:38 INFO  [INFO] Resolving artifact: ch.qos.logback:logback-core:jar:1.5.32:compile (sources = true)
2026.08.18 17:43:38 INFO  [INFO] SUCCESS: ch.qos.logback:logback-core:jar:1.5.32:compile (sources = true)
2026.08.18 17:43:38 INFO  [INFO] Resolving artifact: org.springframework:spring-jdbc:jar:6.2.16:compile (sources = false)
2026.08.18 17:43:38 INFO  [INFO] SUCCESS: org.springframework:spring-jdbc:jar:6.2.16:compile (sources = false)
2026.08.18 17:43:38 INFO  [INFO] Resolving artifact: org.springframework:spring-jdbc:jar:6.2.16:compile (sources = true)
2026.08.18 17:43:38 INFO  [INFO] SUCCESS: org.springframework:spring-jdbc:jar:6.2.16:compile (sources = true)
2026.08.18 17:43:38 INFO  [INFO] Resolving artifact: net.minidev:accessors-smart:jar:2.5.2:test (sources = false)
2026.08.18 17:43:38 INFO  [INFO] SUCCESS: net.minidev:accessors-smart:jar:2.5.2:test (sources = false)
2026.08.18 17:43:38 INFO  [INFO] Resolving artifact: net.minidev:accessors-smart:jar:2.5.2:test (sources = true)
2026.08.18 17:43:38 INFO  [INFO] SUCCESS: net.minidev:accessors-smart:jar:2.5.2:test (sources = true)
2026.08.18 17:43:38 INFO  [INFO] Resolving artifact: com.h2database:h2:jar:2.3.232:runtime (sources = false)
2026.08.18 17:43:38 INFO  [INFO] SUCCESS: com.h2database:h2:jar:2.3.232:runtime (sources = false)
2026.08.18 17:43:38 INFO  [INFO] Resolving artifact: com.h2database:h2:jar:2.3.232:runtime (sources = true)
2026.08.18 17:43:38 INFO  Downloading from central: https://repo.maven.apache.org/maven2/com/h2database/h2/2.3.232/h2-2.3.232-sources.jar
2026.08.18 17:43:38 INFO  Progress (1): 0/1.8 MB
2026.08.18 17:43:38 INFO  Progress (1): 0/1.8 MB
2026.08.18 17:43:38 INFO  Progress (1): 0/1.8 MB
2026.08.18 17:43:38 INFO  Progress (1): 0/1.8 MB
2026.08.18 17:43:38 INFO  Progress (1): 0/1.8 MB
2026.08.18 17:43:38 INFO  Progress (1): 0/1.8 MB
2026.08.18 17:43:38 INFO  Progress (1): 0/1.8 MB
2026.08.18 17:43:38 INFO  Progress (1): 0/1.8 MB
2026.08.18 17:43:38 INFO  Progress (1): 0/1.8 MB
2026.08.18 17:43:38 INFO  Progress (1): 0/1.8 MB
2026.08.18 17:43:38 INFO  Progress (1): 0/1.8 MB
2026.08.18 17:43:38 INFO  Progress (1): 0.1/1.8 MB
2026.08.18 17:43:38 INFO  Progress (1): 0.1/1.8 MB
2026.08.18 17:43:38 INFO  Progress (1): 0.1/1.8 MB
2026.08.18 17:43:38 INFO  Progress (1): 0.1/1.8 MB
2026.08.18 17:43:38 INFO  Progress (1): 0.1/1.8 MB
2026.08.18 17:43:38 INFO  Progress (1): 0.1/1.8 MB
2026.08.18 17:43:38 INFO  Progress (1): 0.1/1.8 MB
2026.08.18 17:43:38 INFO  Progress (1): 0.1/1.8 MB
2026.08.18 17:43:38 INFO  Progress (1): 0.1/1.8 MB
2026.08.18 17:43:38 INFO  Progress (1): 0.1/1.8 MB
2026.08.18 17:43:38 INFO  Progress (1): 0.1/1.8 MB
2026.08.18 17:43:38 INFO  Progress (1): 0.1/1.8 MB
2026.08.18 17:43:38 INFO  Progress (1): 0.1/1.8 MB
2026.08.18 17:43:38 INFO  Progress (1): 0.1/1.8 MB
2026.08.18 17:43:38 INFO  Progress (1): 0.1/1.8 MB
2026.08.18 17:43:38 INFO  Progress (1): 0.1/1.8 MB
2026.08.18 17:43:38 INFO  Progress (1): 0.1/1.8 MB
2026.08.18 17:43:38 INFO  Progress (1): 0.1/1.8 MB
2026.08.18 17:43:38 INFO  Progress (1): 0.1/1.8 MB
2026.08.18 17:43:38 INFO  Progress (1): 0.1/1.8 MB
2026.08.18 17:43:38 INFO  Progress (1): 0.1/1.8 MB
2026.08.18 17:43:38 INFO  Progress (1): 0.1/1.8 MB
2026.08.18 17:43:38 INFO  Progress (1): 0.1/1.8 MB
2026.08.18 17:43:38 INFO  Progress (1): 0.1/1.8 MB
2026.08.18 17:43:38 INFO  Progress (1): 0.1/1.8 MB
2026.08.18 17:43:38 INFO  Progress (1): 0.2/1.8 MB
2026.08.18 17:43:38 INFO  Progress (1): 0.2/1.8 MB
2026.08.18 17:43:38 INFO  Progress (1): 0.2/1.8 MB
2026.08.18 17:43:38 INFO  Progress (1): 0.2/1.8 MB
2026.08.18 17:43:38 INFO  Progress (1): 0.2/1.8 MB
2026.08.18 17:43:38 INFO  Progress (1): 0.2/1.8 MB
2026.08.18 17:43:38 INFO  Progress (1): 0.2/1.8 MB
2026.08.18 17:43:38 INFO  Progress (1): 0.2/1.8 MB
2026.08.18 17:43:38 INFO  Progress (1): 0.3/1.8 MB
2026.08.18 17:43:38 INFO  Progress (1): 0.3/1.8 MB
2026.08.18 17:43:38 INFO  Progress (1): 0.3/1.8 MB
2026.08.18 17:43:38 INFO  Progress (1): 0.3/1.8 MB
2026.08.18 17:43:38 INFO  Progress (1): 0.3/1.8 MB
2026.08.18 17:43:38 INFO  Progress (1): 0.3/1.8 MB
2026.08.18 17:43:38 INFO  Progress (1): 0.4/1.8 MB
2026.08.18 17:43:38 INFO  Progress (1): 0.4/1.8 MB
2026.08.18 17:43:38 INFO  Progress (1): 0.4/1.8 MB
2026.08.18 17:43:38 INFO  Progress (1): 0.4/1.8 MB
2026.08.18 17:43:38 INFO  Progress (1): 0.4/1.8 MB
2026.08.18 17:43:38 INFO  Progress (1): 0.4/1.8 MB
2026.08.18 17:43:38 INFO  Progress (1): 0.5/1.8 MB
2026.08.18 17:43:38 INFO  Progress (1): 0.5/1.8 MB
2026.08.18 17:43:38 INFO  Progress (1): 0.5/1.8 MB
2026.08.18 17:43:38 INFO  Progress (1): 0.5/1.8 MB
2026.08.18 17:43:38 INFO  Progress (1): 0.5/1.8 MB
2026.08.18 17:43:38 INFO  Progress (1): 0.5/1.8 MB
2026.08.18 17:43:38 INFO  Progress (1): 0.5/1.8 MB
2026.08.18 17:43:38 INFO  Progress (1): 0.6/1.8 MB
2026.08.18 17:43:38 INFO  Progress (1): 0.6/1.8 MB
2026.08.18 17:43:38 INFO  Progress (1): 0.6/1.8 MB
2026.08.18 17:43:38 INFO  Progress (1): 0.6/1.8 MB
2026.08.18 17:43:38 INFO  Progress (1): 0.6/1.8 MB
2026.08.18 17:43:38 INFO  Progress (1): 0.6/1.8 MB
2026.08.18 17:43:38 INFO  Progress (1): 0.7/1.8 MB
2026.08.18 17:43:38 INFO  Progress (1): 0.7/1.8 MB
2026.08.18 17:43:38 INFO  Progress (1): 0.7/1.8 MB
2026.08.18 17:43:38 INFO  Progress (1): 0.7/1.8 MB
2026.08.18 17:43:38 INFO  Progress (1): 0.7/1.8 MB
2026.08.18 17:43:38 INFO  Progress (1): 0.7/1.8 MB
2026.08.18 17:43:38 INFO  Progress (1): 0.8/1.8 MB
2026.08.18 17:43:38 INFO  Progress (1): 0.8/1.8 MB
2026.08.18 17:43:38 INFO  Progress (1): 0.8/1.8 MB
2026.08.18 17:43:38 INFO  Progress (1): 0.8/1.8 MB
2026.08.18 17:43:38 INFO  Progress (1): 0.8/1.8 MB
2026.08.18 17:43:38 INFO  Progress (1): 0.8/1.8 MB
2026.08.18 17:43:38 INFO  Progress (1): 0.9/1.8 MB
2026.08.18 17:43:38 INFO  Progress (1): 0.9/1.8 MB
2026.08.18 17:43:38 INFO  Progress (1): 0.9/1.8 MB
2026.08.18 17:43:38 INFO  Progress (1): 0.9/1.8 MB
2026.08.18 17:43:38 INFO  Progress (1): 0.9/1.8 MB
2026.08.18 17:43:38 INFO  Progress (1): 0.9/1.8 MB
2026.08.18 17:43:38 INFO  Progress (1): 1.0/1.8 MB
2026.08.18 17:43:38 INFO  Progress (1): 1.0/1.8 MB
2026.08.18 17:43:38 INFO  Progress (1): 1.0/1.8 MB
2026.08.18 17:43:38 INFO  Progress (1): 1.0/1.8 MB
2026.08.18 17:43:38 INFO  Progress (1): 1.0/1.8 MB
2026.08.18 17:43:38 INFO  Progress (1): 1.0/1.8 MB
2026.08.18 17:43:38 INFO  Progress (1): 1.1/1.8 MB
2026.08.18 17:43:38 INFO  Progress (1): 1.1/1.8 MB
2026.08.18 17:43:38 INFO  Progress (1): 1.1/1.8 MB
2026.08.18 17:43:38 INFO  Progress (1): 1.1/1.8 MB
2026.08.18 17:43:38 INFO  Progress (1): 1.1/1.8 MB
2026.08.18 17:43:38 INFO  Progress (1): 1.1/1.8 MB
2026.08.18 17:43:38 INFO  Progress (1): 1.2/1.8 MB
2026.08.18 17:43:38 INFO  Progress (1): 1.2/1.8 MB
2026.08.18 17:43:38 INFO  Progress (1): 1.2/1.8 MB
2026.08.18 17:43:38 INFO  Progress (1): 1.2/1.8 MB
2026.08.18 17:43:38 INFO  Progress (1): 1.2/1.8 MB
2026.08.18 17:43:38 INFO  Progress (1): 1.2/1.8 MB
2026.08.18 17:43:38 INFO  Progress (1): 1.3/1.8 MB
2026.08.18 17:43:38 INFO  Progress (1): 1.3/1.8 MB
2026.08.18 17:43:38 INFO  Progress (1): 1.3/1.8 MB
2026.08.18 17:43:38 INFO  Progress (1): 1.3/1.8 MB
2026.08.18 17:43:38 INFO  Progress (1): 1.3/1.8 MB
2026.08.18 17:43:38 INFO  Progress (1): 1.3/1.8 MB
2026.08.18 17:43:38 INFO  Progress (1): 1.4/1.8 MB
2026.08.18 17:43:38 INFO  Progress (1): 1.4/1.8 MB
2026.08.18 17:43:38 INFO  Progress (1): 1.4/1.8 MB
2026.08.18 17:43:38 INFO  Progress (1): 1.4/1.8 MB
2026.08.18 17:43:38 INFO  Progress (1): 1.4/1.8 MB
2026.08.18 17:43:38 INFO  Progress (1): 1.4/1.8 MB
2026.08.18 17:43:38 INFO  Progress (1): 1.4/1.8 MB
2026.08.18 17:43:38 INFO  Progress (1): 1.5/1.8 MB
2026.08.18 17:43:38 INFO  Progress (1): 1.5/1.8 MB
2026.08.18 17:43:38 INFO  Progress (1): 1.5/1.8 MB
2026.08.18 17:43:38 INFO  Progress (1): 1.5/1.8 MB
2026.08.18 17:43:38 INFO  Progress (1): 1.5/1.8 MB
2026.08.18 17:43:38 INFO  Progress (1): 1.5/1.8 MB
2026.08.18 17:43:38 INFO  Progress (1): 1.6/1.8 MB
2026.08.18 17:43:38 INFO  Progress (1): 1.6/1.8 MB
2026.08.18 17:43:38 INFO  Progress (1): 1.6/1.8 MB
2026.08.18 17:43:38 INFO  Progress (1): 1.6/1.8 MB
2026.08.18 17:43:38 INFO  Progress (1): 1.6/1.8 MB
2026.08.18 17:43:38 INFO  Progress (1): 1.6/1.8 MB
2026.08.18 17:43:38 INFO  Progress (1): 1.7/1.8 MB
2026.08.18 17:43:38 INFO  Progress (1): 1.7/1.8 MB
2026.08.18 17:43:38 INFO  Progress (1): 1.7/1.8 MB
2026.08.18 17:43:38 INFO  Progress (1): 1.7/1.8 MB
2026.08.18 17:43:38 INFO  Progress (1): 1.7/1.8 MB
2026.08.18 17:43:38 INFO  Progress (1): 1.7/1.8 MB
2026.08.18 17:43:38 INFO  Progress (1): 1.8/1.8 MB
2026.08.18 17:43:38 INFO  Progress (1): 1.8/1.8 MB
2026.08.18 17:43:38 INFO  Progress (1): 1.8/1.8 MB
2026.08.18 17:43:38 INFO  Progress (1): 1.8 MB    
2026.08.18 17:43:38 INFO                      
2026.08.18 17:43:38 INFO  Downloaded from central: https://repo.maven.apache.org/maven2/com/h2database/h2/2.3.232/h2-2.3.232-sources.jar (1.8 MB at 8.7 MB/s)
2026.08.18 17:43:38 INFO  [INFO] SUCCESS: com.h2database:h2:jar:2.3.232:runtime (sources = true)
2026.08.18 17:43:38 INFO  [INFO] Resolving artifact: org.springframework.boot:spring-boot-starter-tomcat:jar:3.5.11:compile (sources = false)
2026.08.18 17:43:38 INFO  [INFO] SUCCESS: org.springframework.boot:spring-boot-starter-tomcat:jar:3.5.11:compile (sources = false)
2026.08.18 17:43:38 INFO  [INFO] Resolving artifact: org.springframework.boot:spring-boot-starter-tomcat:jar:3.5.11:compile (sources = true)
2026.08.18 17:43:38 INFO  [INFO] SUCCESS: org.springframework.boot:spring-boot-starter-tomcat:jar:3.5.11:compile (sources = true)
2026.08.18 17:43:38 INFO  [INFO] Resolving artifact: org.assertj:assertj-core:jar:3.27.7:test (sources = false)
2026.08.18 17:43:38 INFO  [INFO] SUCCESS: org.assertj:assertj-core:jar:3.27.7:test (sources = false)
2026.08.18 17:43:38 INFO  [INFO] Resolving artifact: org.assertj:assertj-core:jar:3.27.7:test (sources = true)
2026.08.18 17:43:38 INFO  [INFO] SUCCESS: org.assertj:assertj-core:jar:3.27.7:test (sources = true)
2026.08.18 17:43:38 INFO  [INFO] Resolving artifact: org.mockito:mockito-junit-jupiter:jar:5.17.0:test (sources = false)
2026.08.18 17:43:38 INFO  [INFO] SUCCESS: org.mockito:mockito-junit-jupiter:jar:5.17.0:test (sources = false)
2026.08.18 17:43:38 INFO  [INFO] Resolving artifact: org.mockito:mockito-junit-jupiter:jar:5.17.0:test (sources = true)
2026.08.18 17:43:38 INFO  [INFO] SUCCESS: org.mockito:mockito-junit-jupiter:jar:5.17.0:test (sources = true)
2026.08.18 17:43:38 INFO  [INFO] Resolving artifact: org.mockito:mockito-core:jar:5.17.0:test (sources = false)
2026.08.18 17:43:38 INFO  [INFO] SUCCESS: org.mockito:mockito-core:jar:5.17.0:test (sources = false)
2026.08.18 17:43:38 INFO  [INFO] Resolving artifact: org.mockito:mockito-core:jar:5.17.0:test (sources = true)
2026.08.18 17:43:38 INFO  [INFO] SUCCESS: org.mockito:mockito-core:jar:5.17.0:test (sources = true)
2026.08.18 17:43:38 INFO  [INFO] Resolving artifact: org.ow2.asm:asm:jar:9.7.1:test (sources = false)
2026.08.18 17:43:38 INFO  [INFO] SUCCESS: org.ow2.asm:asm:jar:9.7.1:test (sources = false)
2026.08.18 17:43:38 INFO  [INFO] Resolving artifact: org.ow2.asm:asm:jar:9.7.1:test (sources = true)
2026.08.18 17:43:38 INFO  [INFO] SUCCESS: org.ow2.asm:asm:jar:9.7.1:test (sources = true)
2026.08.18 17:43:38 INFO  [INFO] Resolving artifact: org.junit.jupiter:junit-jupiter-api:jar:5.12.2:test (sources = false)
2026.08.18 17:43:38 INFO  [INFO] SUCCESS: org.junit.jupiter:junit-jupiter-api:jar:5.12.2:test (sources = false)
2026.08.18 17:43:38 INFO  [INFO] Resolving artifact: org.junit.jupiter:junit-jupiter-api:jar:5.12.2:test (sources = true)
2026.08.18 17:43:38 INFO  [INFO] SUCCESS: org.junit.jupiter:junit-jupiter-api:jar:5.12.2:test (sources = true)
2026.08.18 17:43:38 INFO  [INFO] Resolving artifact: org.springframework.boot:spring-boot-starter-test:jar:3.5.11:test (sources = false)
2026.08.18 17:43:38 INFO  [INFO] SUCCESS: org.springframework.boot:spring-boot-starter-test:jar:3.5.11:test (sources = false)
2026.08.18 17:43:38 INFO  [INFO] Resolving artifact: org.springframework.boot:spring-boot-starter-test:jar:3.5.11:test (sources = true)
2026.08.18 17:43:38 INFO  [INFO] SUCCESS: org.springframework.boot:spring-boot-starter-test:jar:3.5.11:test (sources = true)
2026.08.18 17:43:38 INFO  [INFO] Resolving artifact: org.slf4j:jul-to-slf4j:jar:2.0.17:compile (sources = false)
2026.08.18 17:43:38 INFO  [INFO] SUCCESS: org.slf4j:jul-to-slf4j:jar:2.0.17:compile (sources = false)
2026.08.18 17:43:38 INFO  [INFO] Resolving artifact: org.slf4j:jul-to-slf4j:jar:2.0.17:compile (sources = true)
2026.08.18 17:43:38 INFO  [INFO] SUCCESS: org.slf4j:jul-to-slf4j:jar:2.0.17:compile (sources = true)
2026.08.18 17:43:38 INFO  [INFO] Resolving artifact: com.fasterxml.jackson.datatype:jackson-datatype-jdk8:jar:2.19.4:compile (sources = false)
2026.08.18 17:43:38 INFO  [INFO] SUCCESS: com.fasterxml.jackson.datatype:jackson-datatype-jdk8:jar:2.19.4:compile (sources = false)
2026.08.18 17:43:38 INFO  [INFO] Resolving artifact: com.fasterxml.jackson.datatype:jackson-datatype-jdk8:jar:2.19.4:compile (sources = true)
2026.08.18 17:43:38 INFO  [INFO] SUCCESS: com.fasterxml.jackson.datatype:jackson-datatype-jdk8:jar:2.19.4:compile (sources = true)
2026.08.18 17:43:38 INFO  [INFO] Resolving artifact: com.fasterxml.jackson.module:jackson-module-parameter-names:jar:2.19.4:compile (sources = false)
2026.08.18 17:43:38 INFO  [INFO] SUCCESS: com.fasterxml.jackson.module:jackson-module-parameter-names:jar:2.19.4:compile (sources = false)
2026.08.18 17:43:38 INFO  [INFO] Resolving artifact: com.fasterxml.jackson.module:jackson-module-parameter-names:jar:2.19.4:compile (sources = true)
2026.08.18 17:43:38 INFO  [INFO] SUCCESS: com.fasterxml.jackson.module:jackson-module-parameter-names:jar:2.19.4:compile (sources = true)
2026.08.18 17:43:38 INFO  [INFO] Resolving artifact: org.springframework.data:spring-data-commons:jar:3.5.9:compile (sources = false)
2026.08.18 17:43:38 INFO  [INFO] SUCCESS: org.springframework.data:spring-data-commons:jar:3.5.9:compile (sources = false)
2026.08.18 17:43:38 INFO  [INFO] Resolving artifact: org.springframework.data:spring-data-commons:jar:3.5.9:compile (sources = true)
2026.08.18 17:43:38 INFO  [INFO] SUCCESS: org.springframework.data:spring-data-commons:jar:3.5.9:compile (sources = true)
2026.08.18 17:43:38 INFO  [INFO] Resolving artifact: org.apache.tomcat.embed:tomcat-embed-websocket:jar:10.1.52:compile (sources = false)
2026.08.18 17:43:38 INFO  [INFO] SUCCESS: org.apache.tomcat.embed:tomcat-embed-websocket:jar:10.1.52:compile (sources = false)
2026.08.18 17:43:38 INFO  [INFO] Resolving artifact: org.apache.tomcat.embed:tomcat-embed-websocket:jar:10.1.52:compile (sources = true)
2026.08.18 17:43:38 INFO  [INFO] SUCCESS: org.apache.tomcat.embed:tomcat-embed-websocket:jar:10.1.52:compile (sources = true)
2026.08.18 17:43:38 INFO  [INFO] Resolving artifact: jakarta.persistence:jakarta.persistence-api:jar:3.1.0:compile (sources = false)
2026.08.18 17:43:38 INFO  [INFO] SUCCESS: jakarta.persistence:jakarta.persistence-api:jar:3.1.0:compile (sources = false)
2026.08.18 17:43:38 INFO  [INFO] Resolving artifact: jakarta.persistence:jakarta.persistence-api:jar:3.1.0:compile (sources = true)
2026.08.18 17:43:38 INFO  [INFO] SUCCESS: jakarta.persistence:jakarta.persistence-api:jar:3.1.0:compile (sources = true)
2026.08.18 17:43:38 INFO  [INFO] Resolving artifact: org.opentest4j:opentest4j:jar:1.3.0:test (sources = false)
2026.08.18 17:43:38 INFO  [INFO] SUCCESS: org.opentest4j:opentest4j:jar:1.3.0:test (sources = false)
2026.08.18 17:43:38 INFO  [INFO] Resolving artifact: org.opentest4j:opentest4j:jar:1.3.0:test (sources = true)
2026.08.18 17:43:38 INFO  [INFO] SUCCESS: org.opentest4j:opentest4j:jar:1.3.0:test (sources = true)
2026.08.18 17:43:38 INFO  [INFO] Resolving artifact: ch.qos.logback:logback-classic:jar:1.5.32:compile (sources = false)
2026.08.18 17:43:38 INFO  [INFO] SUCCESS: ch.qos.logback:logback-classic:jar:1.5.32:compile (sources = false)
2026.08.18 17:43:38 INFO  [INFO] Resolving artifact: ch.qos.logback:logback-classic:jar:1.5.32:compile (sources = true)
2026.08.18 17:43:38 INFO  [INFO] SUCCESS: ch.qos.logback:logback-classic:jar:1.5.32:compile (sources = true)
2026.08.18 17:43:38 INFO  [INFO] Resolving artifact: org.apache.tomcat.embed:tomcat-embed-core:jar:10.1.52:compile (sources = false)
2026.08.18 17:43:38 INFO  [INFO] SUCCESS: org.apache.tomcat.embed:tomcat-embed-core:jar:10.1.52:compile (sources = false)
2026.08.18 17:43:38 INFO  [INFO] Resolving artifact: org.apache.tomcat.embed:tomcat-embed-core:jar:10.1.52:compile (sources = true)
2026.08.18 17:43:38 INFO  [INFO] SUCCESS: org.apache.tomcat.embed:tomcat-embed-core:jar:10.1.52:compile (sources = true)
2026.08.18 17:43:38 INFO  [INFO] Resolving artifact: org.springframework:spring-web:jar:6.2.16:compile (sources = false)
2026.08.18 17:43:38 INFO  [INFO] SUCCESS: org.springframework:spring-web:jar:6.2.16:compile (sources = false)
2026.08.18 17:43:38 INFO  [INFO] Resolving artifact: org.springframework:spring-web:jar:6.2.16:compile (sources = true)
2026.08.18 17:43:38 INFO  [INFO] SUCCESS: org.springframework:spring-web:jar:6.2.16:compile (sources = true)
2026.08.18 17:43:38 INFO  [INFO] Resolving artifact: org.springframework:spring-test:jar:6.2.16:test (sources = false)
2026.08.18 17:43:38 INFO  [INFO] SUCCESS: org.springframework:spring-test:jar:6.2.16:test (sources = false)
2026.08.18 17:43:38 INFO  [INFO] Resolving artifact: org.springframework:spring-test:jar:6.2.16:test (sources = true)
2026.08.18 17:43:39 INFO  no build target found for C:\Project\spring.boot.redelog-api\src\main\java\com\redelog\api\service\ClienteService.java. Using fallback presentation compiler.
2026.08.18 17:43:38 INFO  [INFO] SUCCESS: org.springframework:spring-test:jar:6.2.16:test (sources = true)
2026.08.18 17:43:38 INFO  [INFO] Resolving artifact: io.smallrye:jandex:jar:3.2.0:runtime (sources = false)
2026.08.18 17:43:38 INFO  [INFO] SUCCESS: io.smallrye:jandex:jar:3.2.0:runtime (sources = false)
2026.08.18 17:43:38 INFO  [INFO] Resolving artifact: io.smallrye:jandex:jar:3.2.0:runtime (sources = true)
2026.08.18 17:43:38 INFO  [INFO] SUCCESS: io.smallrye:jandex:jar:3.2.0:runtime (sources = true)
2026.08.18 17:43:38 INFO  [INFO] Resolving artifact: org.junit.jupiter:junit-jupiter-engine:jar:5.12.2:test (sources = false)
2026.08.18 17:43:38 INFO  [INFO] SUCCESS: org.junit.jupiter:junit-jupiter-engine:jar:5.12.2:test (sources = false)
2026.08.18 17:43:38 INFO  [INFO] Resolving artifact: org.junit.jupiter:junit-jupiter-engine:jar:5.12.2:test (sources = true)
2026.08.18 17:43:38 INFO  [INFO] SUCCESS: org.junit.jupiter:junit-jupiter-engine:jar:5.12.2:test (sources = true)
2026.08.18 17:43:38 INFO  [INFO] Resolving artifact: org.springframework:spring-beans:jar:6.2.16:compile (sources = false)
2026.08.18 17:43:38 INFO  [INFO] SUCCESS: org.springframework:spring-beans:jar:6.2.16:compile (sources = false)
2026.08.18 17:43:38 INFO  [INFO] Resolving artifact: org.springframework:spring-beans:jar:6.2.16:compile (sources = true)
2026.08.18 17:43:38 INFO  [INFO] SUCCESS: org.springframework:spring-beans:jar:6.2.16:compile (sources = true)
2026.08.18 17:43:38 INFO  [INFO] Resolving artifact: org.apache.tomcat.embed:tomcat-embed-el:jar:10.1.52:compile (sources = false)
2026.08.18 17:43:38 INFO  [INFO] SUCCESS: org.apache.tomcat.embed:tomcat-embed-el:jar:10.1.52:compile (sources = false)
2026.08.18 17:43:38 INFO  [INFO] Resolving artifact: org.apache.tomcat.embed:tomcat-embed-el:jar:10.1.52:compile (sources = true)
2026.08.18 17:43:38 INFO  [INFO] SUCCESS: org.apache.tomcat.embed:tomcat-embed-el:jar:10.1.52:compile (sources = true)
2026.08.18 17:43:38 INFO  [INFO] Resolving artifact: org.skyscreamer:jsonassert:jar:1.5.3:test (sources = false)
2026.08.18 17:43:38 INFO  [INFO] SUCCESS: org.skyscreamer:jsonassert:jar:1.5.3:test (sources = false)
2026.08.18 17:43:38 INFO  [INFO] Resolving artifact: org.skyscreamer:jsonassert:jar:1.5.3:test (sources = true)
2026.08.18 17:43:38 INFO  [INFO] SUCCESS: org.skyscreamer:jsonassert:jar:1.5.3:test (sources = true)
2026.08.18 17:43:38 INFO  [INFO] Resolving artifact: org.springframework.data:spring-data-jpa:jar:3.5.9:compile (sources = false)
2026.08.18 17:43:38 INFO  [INFO] SUCCESS: org.springframework.data:spring-data-jpa:jar:3.5.9:compile (sources = false)
2026.08.18 17:43:38 INFO  [INFO] Resolving artifact: org.springframework.data:spring-data-jpa:jar:3.5.9:compile (sources = true)
2026.08.18 17:43:38 INFO  [INFO] SUCCESS: org.springframework.data:spring-data-jpa:jar:3.5.9:compile (sources = true)
2026.08.18 17:43:38 INFO  [INFO] Resolving artifact: org.glassfish.jaxb:jaxb-core:jar:4.0.6:runtime (sources = false)
2026.08.18 17:43:38 INFO  [INFO] SUCCESS: org.glassfish.jaxb:jaxb-core:jar:4.0.6:runtime (sources = false)
2026.08.18 17:43:38 INFO  [INFO] Resolving artifact: org.glassfish.jaxb:jaxb-core:jar:4.0.6:runtime (sources = true)
2026.08.18 17:43:38 INFO  [INFO] SUCCESS: org.glassfish.jaxb:jaxb-core:jar:4.0.6:runtime (sources = true)
2026.08.18 17:43:38 INFO  [INFO] Resolving artifact: org.springframework:spring-core:jar:6.2.16:compile (sources = false)
2026.08.18 17:43:38 INFO  [INFO] SUCCESS: org.springframework:spring-core:jar:6.2.16:compile (sources = false)
2026.08.18 17:43:38 INFO  [INFO] Resolving artifact: org.springframework:spring-core:jar:6.2.16:compile (sources = true)
2026.08.18 17:43:38 INFO  [INFO] SUCCESS: org.springframework:spring-core:jar:6.2.16:compile (sources = true)
2026.08.18 17:43:38 INFO  [INFO] Resolving artifact: com.fasterxml.jackson.core:jackson-core:jar:2.19.4:compile (sources = false)
2026.08.18 17:43:38 INFO  [INFO] SUCCESS: com.fasterxml.jackson.core:jackson-core:jar:2.19.4:compile (sources = false)
2026.08.18 17:43:38 INFO  [INFO] Resolving artifact: com.fasterxml.jackson.core:jackson-core:jar:2.19.4:compile (sources = true)
2026.08.18 17:43:38 INFO  [INFO] SUCCESS: com.fasterxml.jackson.core:jackson-core:jar:2.19.4:compile (sources = true)
2026.08.18 17:43:38 INFO  [INFO] Resolving artifact: org.projectlombok:lombok:jar:1.18.42:compile (sources = false)
2026.08.18 17:43:38 INFO  [INFO] SUCCESS: org.projectlombok:lombok:jar:1.18.42:compile (sources = false)
2026.08.18 17:43:38 INFO  [INFO] Resolving artifact: org.projectlombok:lombok:jar:1.18.42:compile (sources = true)
2026.08.18 17:43:38 INFO  [INFO] SUCCESS: org.projectlombok:lombok:jar:1.18.42:compile (sources = true)
2026.08.18 17:43:38 INFO  [INFO] Resolving artifact: jakarta.transaction:jakarta.transaction-api:jar:2.0.1:compile (sources = false)
2026.08.18 17:43:38 INFO  [INFO] SUCCESS: jakarta.transaction:jakarta.transaction-api:jar:2.0.1:compile (sources = false)
2026.08.18 17:43:38 INFO  [INFO] Resolving artifact: jakarta.transaction:jakarta.transaction-api:jar:2.0.1:compile (sources = true)
2026.08.18 17:43:38 INFO  [INFO] SUCCESS: jakarta.transaction:jakarta.transaction-api:jar:2.0.1:compile (sources = true)
2026.08.18 17:43:38 INFO  [INFO] Resolving artifact: org.springframework.boot:spring-boot-starter-data-jpa:jar:3.5.11:compile (sources = false)
2026.08.18 17:43:38 INFO  [INFO] SUCCESS: org.springframework.boot:spring-boot-starter-data-jpa:jar:3.5.11:compile (sources = false)
2026.08.18 17:43:38 INFO  [INFO] Resolving artifact: org.springframework.boot:spring-boot-starter-data-jpa:jar:3.5.11:compile (sources = true)
2026.08.18 17:43:38 INFO  [INFO] SUCCESS: org.springframework.boot:spring-boot-starter-data-jpa:jar:3.5.11:compile (sources = true)
2026.08.18 17:43:38 INFO  [INFO] Resolving artifact: jakarta.validation:jakarta.validation-api:jar:3.0.2:compile (sources = false)
2026.08.18 17:43:38 INFO  [INFO] SUCCESS: jakarta.validation:jakarta.validation-api:jar:3.0.2:compile (sources = false)
2026.08.18 17:43:38 INFO  [INFO] Resolving artifact: jakarta.validation:jakarta.validation-api:jar:3.0.2:compile (sources = true)
2026.08.18 17:43:38 INFO  [INFO] SUCCESS: jakarta.validation:jakarta.validation-api:jar:3.0.2:compile (sources = true)
2026.08.18 17:43:38 INFO  [INFO] Resolving artifact: org.springframework:spring-tx:jar:6.2.16:compile (sources = false)
2026.08.18 17:43:38 INFO  [INFO] SUCCESS: org.springframework:spring-tx:jar:6.2.16:compile (sources = false)
2026.08.18 17:43:38 INFO  [INFO] Resolving artifact: org.springframework:spring-tx:jar:6.2.16:compile (sources = true)
2026.08.18 17:43:38 INFO  [INFO] SUCCESS: org.springframework:spring-tx:jar:6.2.16:compile (sources = true)
2026.08.18 17:43:38 INFO  [INFO] Resolving artifact: org.springframework:spring-orm:jar:6.2.16:compile (sources = false)
2026.08.18 17:43:38 INFO  [INFO] SUCCESS: org.springframework:spring-orm:jar:6.2.16:compile (sources = false)
2026.08.18 17:43:38 INFO  [INFO] Resolving artifact: org.springframework:spring-orm:jar:6.2.16:compile (sources = true)
2026.08.18 17:43:38 INFO  [INFO] SUCCESS: org.springframework:spring-orm:jar:6.2.16:compile (sources = true)
2026.08.18 17:43:38 INFO  [INFO] Resolving artifact: org.springframework.boot:spring-boot-test:jar:3.5.11:test (sources = false)
2026.08.18 17:43:38 INFO  [INFO] SUCCESS: org.springframework.boot:spring-boot-test:jar:3.5.11:test (sources = false)
2026.08.18 17:43:38 INFO  [INFO] Resolving artifact: org.springframework.boot:spring-boot-test:jar:3.5.11:test (sources = true)
2026.08.18 17:43:38 INFO  [INFO] SUCCESS: org.springframework.boot:spring-boot-test:jar:3.5.11:test (sources = true)
2026.08.18 17:43:38 INFO  [INFO] Resolving artifact: com.fasterxml.jackson.datatype:jackson-datatype-jsr310:jar:2.19.4:compile (sources = false)
2026.08.18 17:43:38 INFO  [INFO] SUCCESS: com.fasterxml.jackson.datatype:jackson-datatype-jsr310:jar:2.19.4:compile (sources = false)
2026.08.18 17:43:38 INFO  [INFO] Resolving artifact: com.fasterxml.jackson.datatype:jackson-datatype-jsr310:jar:2.19.4:compile (sources = true)
2026.08.18 17:43:38 INFO  [INFO] SUCCESS: com.fasterxml.jackson.datatype:jackson-datatype-jsr310:jar:2.19.4:compile (sources = true)
2026.08.18 17:43:38 INFO  [INFO] Resolving artifact: org.hibernate.validator:hibernate-validator:jar:8.0.3.Final:compile (sources = false)
2026.08.18 17:43:38 INFO  [INFO] SUCCESS: org.hibernate.validator:hibernate-validator:jar:8.0.3.Final:compile (sources = false)
2026.08.18 17:43:38 INFO  [INFO] Resolving artifact: org.hibernate.validator:hibernate-validator:jar:8.0.3.Final:compile (sources = true)
2026.08.18 17:43:38 INFO  [INFO] SUCCESS: org.hibernate.validator:hibernate-validator:jar:8.0.3.Final:compile (sources = true)
2026.08.18 17:43:38 INFO  [INFO] Resolving artifact: org.glassfish.jaxb:txw2:jar:4.0.6:runtime (sources = false)
2026.08.18 17:43:38 INFO  [INFO] SUCCESS: org.glassfish.jaxb:txw2:jar:4.0.6:runtime (sources = false)
2026.08.18 17:43:38 INFO  [INFO] Resolving artifact: org.glassfish.jaxb:txw2:jar:4.0.6:runtime (sources = true)
2026.08.18 17:43:39 INFO  no build target found for C:\Project\spring.boot.redelog-api\src\main\java\com\redelog\api\service\EntregadorService.java. Using fallback presentation compiler.
2026.08.18 17:43:38 INFO  [INFO] SUCCESS: org.glassfish.jaxb:txw2:jar:4.0.6:runtime (sources = true)
2026.08.18 17:43:38 INFO  [INFO] Resolving artifact: org.xmlunit:xmlunit-core:jar:2.10.4:test (sources = false)
2026.08.18 17:43:38 INFO  [INFO] SUCCESS: org.xmlunit:xmlunit-core:jar:2.10.4:test (sources = false)
2026.08.18 17:43:38 INFO  [INFO] Resolving artifact: org.xmlunit:xmlunit-core:jar:2.10.4:test (sources = true)
2026.08.18 17:43:38 INFO  [INFO] SUCCESS: org.xmlunit:xmlunit-core:jar:2.10.4:test (sources = true)
2026.08.18 17:43:38 INFO  [INFO] Resolving artifact: org.springframework.boot:spring-boot:jar:3.5.11:compile (sources = false)
2026.08.18 17:43:38 INFO  [INFO] SUCCESS: org.springframework.boot:spring-boot:jar:3.5.11:compile (sources = false)
2026.08.18 17:43:38 INFO  [INFO] Resolving artifact: org.springframework.boot:spring-boot:jar:3.5.11:compile (sources = true)
2026.08.18 17:43:38 INFO  [INFO] SUCCESS: org.springframework.boot:spring-boot:jar:3.5.11:compile (sources = true)
2026.08.18 17:43:38 INFO  [INFO] Resolving artifact: jakarta.annotation:jakarta.annotation-api:jar:2.1.1:compile (sources = false)
2026.08.18 17:43:38 INFO  [INFO] SUCCESS: jakarta.annotation:jakarta.annotation-api:jar:2.1.1:compile (sources = false)
2026.08.18 17:43:38 INFO  [INFO] Resolving artifact: jakarta.annotation:jakarta.annotation-api:jar:2.1.1:compile (sources = true)
2026.08.18 17:43:38 INFO  [INFO] SUCCESS: jakarta.annotation:jakarta.annotation-api:jar:2.1.1:compile (sources = true)
2026.08.18 17:43:38 INFO  [INFO] Resolving artifact: org.awaitility:awaitility:jar:4.2.2:test (sources = false)
2026.08.18 17:43:38 INFO  [INFO] SUCCESS: org.awaitility:awaitility:jar:4.2.2:test (sources = false)
2026.08.18 17:43:38 INFO  [INFO] Resolving artifact: org.awaitility:awaitility:jar:4.2.2:test (sources = true)
2026.08.18 17:43:38 INFO  [INFO] SUCCESS: org.awaitility:awaitility:jar:4.2.2:test (sources = true)
2026.08.18 17:43:38 INFO  [INFO] Resolving artifact: org.springframework:spring-webmvc:jar:6.2.16:compile (sources = false)
2026.08.18 17:43:38 INFO  [INFO] SUCCESS: org.springframework:spring-webmvc:jar:6.2.16:compile (sources = false)
2026.08.18 17:43:38 INFO  [INFO] Resolving artifact: org.springframework:spring-webmvc:jar:6.2.16:compile (sources = true)
2026.08.18 17:43:38 INFO  [INFO] SUCCESS: org.springframework:spring-webmvc:jar:6.2.16:compile (sources = true)
2026.08.18 17:43:38 INFO  [INFO] Resolving artifact: org.springframework.boot:spring-boot-starter-json:jar:3.5.11:compile (sources = false)
2026.08.18 17:43:38 INFO  [INFO] SUCCESS: org.springframework.boot:spring-boot-starter-json:jar:3.5.11:compile (sources = false)
2026.08.18 17:43:38 INFO  [INFO] Resolving artifact: org.springframework.boot:spring-boot-starter-json:jar:3.5.11:compile (sources = true)
2026.08.18 17:43:38 INFO  [INFO] SUCCESS: org.springframework.boot:spring-boot-starter-json:jar:3.5.11:compile (sources = true)
2026.08.18 17:43:38 INFO  [INFO] Resolving artifact: com.fasterxml.jackson.core:jackson-databind:jar:2.19.4:compile (sources = false)
2026.08.18 17:43:38 INFO  [INFO] SUCCESS: com.fasterxml.jackson.core:jackson-databind:jar:2.19.4:compile (sources = false)
2026.08.18 17:43:38 INFO  [INFO] Resolving artifact: com.fasterxml.jackson.core:jackson-databind:jar:2.19.4:compile (sources = true)
2026.08.18 17:43:38 INFO  [INFO] SUCCESS: com.fasterxml.jackson.core:jackson-databind:jar:2.19.4:compile (sources = true)
2026.08.18 17:43:38 INFO  [INFO] Resolving artifact: jakarta.inject:jakarta.inject-api:jar:2.0.1:runtime (sources = false)
2026.08.18 17:43:38 INFO  [INFO] SUCCESS: jakarta.inject:jakarta.inject-api:jar:2.0.1:runtime (sources = false)
2026.08.18 17:43:38 INFO  [INFO] Resolving artifact: jakarta.inject:jakarta.inject-api:jar:2.0.1:runtime (sources = true)
2026.08.18 17:43:38 INFO  [INFO] SUCCESS: jakarta.inject:jakarta.inject-api:jar:2.0.1:runtime (sources = true)
2026.08.18 17:43:38 INFO  [INFO] Resolving artifact: org.junit.jupiter:junit-jupiter:jar:5.12.2:test (sources = false)
2026.08.18 17:43:38 INFO  [INFO] SUCCESS: org.junit.jupiter:junit-jupiter:jar:5.12.2:test (sources = false)
2026.08.18 17:43:38 INFO  [INFO] Resolving artifact: org.junit.jupiter:junit-jupiter:jar:5.12.2:test (sources = true)
2026.08.18 17:43:38 INFO  [INFO] SUCCESS: org.junit.jupiter:junit-jupiter:jar:5.12.2:test (sources = true)
2026.08.18 17:43:38 INFO  [INFO] Resolving artifact: org.springframework.boot:spring-boot-starter-validation:jar:3.5.11:compile (sources = false)
2026.08.18 17:43:38 INFO  [INFO] SUCCESS: org.springframework.boot:spring-boot-starter-validation:jar:3.5.11:compile (sources = false)
2026.08.18 17:43:38 INFO  [INFO] Resolving artifact: org.springframework.boot:spring-boot-starter-validation:jar:3.5.11:compile (sources = true)
2026.08.18 17:43:38 INFO  [INFO] SUCCESS: org.springframework.boot:spring-boot-starter-validation:jar:3.5.11:compile (sources = true)
2026.08.18 17:43:38 INFO  [INFO] Resolving artifact: org.springframework:spring-context:jar:6.2.16:compile (sources = false)
2026.08.18 17:43:38 INFO  [INFO] SUCCESS: org.springframework:spring-context:jar:6.2.16:compile (sources = false)
2026.08.18 17:43:38 INFO  [INFO] Resolving artifact: org.springframework:spring-context:jar:6.2.16:compile (sources = true)
2026.08.18 17:43:38 INFO  [INFO] SUCCESS: org.springframework:spring-context:jar:6.2.16:compile (sources = true)
2026.08.18 17:43:38 INFO  [INFO] Resolving artifact: org.aspectj:aspectjweaver:jar:1.9.25.1:compile (sources = false)
2026.08.18 17:43:38 INFO  [INFO] SUCCESS: org.aspectj:aspectjweaver:jar:1.9.25.1:compile (sources = false)
2026.08.18 17:43:38 INFO  [INFO] Resolving artifact: org.aspectj:aspectjweaver:jar:1.9.25.1:compile (sources = true)
2026.08.18 17:43:38 INFO  [INFO] SUCCESS: org.aspectj:aspectjweaver:jar:1.9.25.1:compile (sources = true)
2026.08.18 17:43:38 INFO  [INFO] Resolving artifact: org.springframework:spring-aspects:jar:6.2.16:compile (sources = false)
2026.08.18 17:43:38 INFO  [INFO] SUCCESS: org.springframework:spring-aspects:jar:6.2.16:compile (sources = false)
2026.08.18 17:43:38 INFO  [INFO] Resolving artifact: org.springframework:spring-aspects:jar:6.2.16:compile (sources = true)
2026.08.18 17:43:38 INFO  [INFO] SUCCESS: org.springframework:spring-aspects:jar:6.2.16:compile (sources = true)
2026.08.18 17:43:38 INFO  [INFO] Resolving artifact: org.springframework.boot:spring-boot-autoconfigure:jar:3.5.11:compile (sources = false)
2026.08.18 17:43:38 INFO  [INFO] SUCCESS: org.springframework.boot:spring-boot-autoconfigure:jar:3.5.11:compile (sources = false)
2026.08.18 17:43:38 INFO  [INFO] Resolving artifact: org.springframework.boot:spring-boot-autoconfigure:jar:3.5.11:compile (sources = true)
2026.08.18 17:43:38 INFO  [INFO] SUCCESS: org.springframework.boot:spring-boot-autoconfigure:jar:3.5.11:compile (sources = true)
2026.08.18 17:43:38 INFO  [INFO] Resolving artifact: org.junit.platform:junit-platform-commons:jar:1.12.2:test (sources = false)
2026.08.18 17:43:38 INFO  [INFO] SUCCESS: org.junit.platform:junit-platform-commons:jar:1.12.2:test (sources = false)
2026.08.18 17:43:38 INFO  [INFO] Resolving artifact: org.junit.platform:junit-platform-commons:jar:1.12.2:test (sources = true)
2026.08.18 17:43:38 INFO  [INFO] SUCCESS: org.junit.platform:junit-platform-commons:jar:1.12.2:test (sources = true)
2026.08.18 17:43:38 INFO  [INFO] Resolving artifact: net.bytebuddy:byte-buddy:jar:1.17.8:runtime (sources = false)
2026.08.18 17:43:38 INFO  [INFO] SUCCESS: net.bytebuddy:byte-buddy:jar:1.17.8:runtime (sources = false)
2026.08.18 17:43:38 INFO  [INFO] Resolving artifact: net.bytebuddy:byte-buddy:jar:1.17.8:runtime (sources = true)
2026.08.18 17:43:38 INFO  [INFO] SUCCESS: net.bytebuddy:byte-buddy:jar:1.17.8:runtime (sources = true)
2026.08.18 17:43:38 INFO  [INFO] Resolving artifact: io.micrometer:micrometer-observation:jar:1.15.9:compile (sources = false)
2026.08.18 17:43:38 INFO  [INFO] SUCCESS: io.micrometer:micrometer-observation:jar:1.15.9:compile (sources = false)
2026.08.18 17:43:38 INFO  [INFO] Resolving artifact: io.micrometer:micrometer-observation:jar:1.15.9:compile (sources = true)
2026.08.18 17:43:38 INFO  [INFO] SUCCESS: io.micrometer:micrometer-observation:jar:1.15.9:compile (sources = true)
2026.08.18 17:43:38 INFO  [INFO] Resolving artifact: org.glassfish.jaxb:jaxb-runtime:jar:4.0.6:runtime (sources = false)
2026.08.18 17:43:38 INFO  [INFO] SUCCESS: org.glassfish.jaxb:jaxb-runtime:jar:4.0.6:runtime (sources = false)
2026.08.18 17:43:38 INFO  [INFO] Resolving artifact: org.glassfish.jaxb:jaxb-runtime:jar:4.0.6:runtime (sources = true)
2026.08.18 17:43:38 INFO  [INFO] SUCCESS: org.glassfish.jaxb:jaxb-runtime:jar:4.0.6:runtime (sources = true)
2026.08.18 17:43:38 INFO  [INFO] Resolving artifact: com.jayway.jsonpath:json-path:jar:2.9.0:test (sources = false)
2026.08.18 17:43:38 INFO  [INFO] SUCCESS: com.jayway.jsonpath:json-path:jar:2.9.0:test (sources = false)
2026.08.18 17:43:38 INFO  [INFO] Resolving artifact: com.jayway.jsonpath:json-path:jar:2.9.0:test (sources = true)
2026.08.18 17:43:38 INFO  [INFO] SUCCESS: com.jayway.jsonpath:json-path:jar:2.9.0:test (sources = true)
2026.08.18 17:43:38 INFO  [INFO] Resolving artifact: org.hibernate.common:hibernate-commons-annotations:jar:7.0.3.Final:runtime (sources = false)
2026.08.18 17:43:38 INFO  [INFO] SUCCESS: org.hibernate.common:hibernate-commons-annotations:jar:7.0.3.Final:runtime (sources = false)
2026.08.18 17:43:38 INFO  [INFO] Resolving artifact: org.hibernate.common:hibernate-commons-annotations:jar:7.0.3.Final:runtime (sources = true)
2026.08.18 17:43:38 INFO  [INFO] SUCCESS: org.hibernate.common:hibernate-commons-annotations:jar:7.0.3.Final:runtime (sources = true)
2026.08.18 17:43:38 INFO  [INFO] Resolving artifact: jakarta.activation:jakarta.activation-api:jar:2.1.4:runtime (sources = false)
2026.08.18 17:43:38 INFO  [INFO] SUCCESS: jakarta.activation:jakarta.activation-api:jar:2.1.4:runtime (sources = false)
2026.08.18 17:43:38 INFO  [INFO] Resolving artifact: jakarta.activation:jakarta.activation-api:jar:2.1.4:runtime (sources = true)
2026.08.18 17:43:38 INFO  [INFO] SUCCESS: jakarta.activation:jakarta.activation-api:jar:2.1.4:runtime (sources = true)
2026.08.18 17:43:39 INFO  no build target found for C:\Project\spring.boot.redelog-api\src\main\java\com\redelog\api\service\EntregadorService.java. Using fallback presentation compiler.
2026.08.18 17:43:38 INFO  [INFO] Resolving artifact: org.jboss.logging:jboss-logging:jar:3.6.2.Final:compile (sources = false)
2026.08.18 17:43:38 INFO  [INFO] SUCCESS: org.jboss.logging:jboss-logging:jar:3.6.2.Final:compile (sources = false)
2026.08.18 17:43:38 INFO  [INFO] Resolving artifact: org.jboss.logging:jboss-logging:jar:3.6.2.Final:compile (sources = true)
2026.08.18 17:43:38 INFO  [INFO] SUCCESS: org.jboss.logging:jboss-logging:jar:3.6.2.Final:compile (sources = true)
2026.08.18 17:43:38 INFO  [INFO] Resolving artifact: org.apiguardian:apiguardian-api:jar:1.1.2:test (sources = false)
2026.08.18 17:43:38 INFO  [INFO] SUCCESS: org.apiguardian:apiguardian-api:jar:1.1.2:test (sources = false)
2026.08.18 17:43:38 INFO  [INFO] Resolving artifact: org.apiguardian:apiguardian-api:jar:1.1.2:test (sources = true)
2026.08.18 17:43:38 INFO  [INFO] SUCCESS: org.apiguardian:apiguardian-api:jar:1.1.2:test (sources = true)
2026.08.18 17:43:38 INFO  [INFO] Resolving artifact: com.fasterxml:classmate:jar:1.7.3:compile (sources = false)
2026.08.18 17:43:38 INFO  [INFO] SUCCESS: com.fasterxml:classmate:jar:1.7.3:compile (sources = false)
2026.08.18 17:43:38 INFO  [INFO] Resolving artifact: com.fasterxml:classmate:jar:1.7.3:compile (sources = true)
2026.08.18 17:43:38 INFO  [INFO] SUCCESS: com.fasterxml:classmate:jar:1.7.3:compile (sources = true)
2026.08.18 17:43:38 INFO  [INFO] Resolving artifact: org.junit.platform:junit-platform-engine:jar:1.12.2:test (sources = false)
2026.08.18 17:43:38 INFO  [INFO] SUCCESS: org.junit.platform:junit-platform-engine:jar:1.12.2:test (sources = false)
2026.08.18 17:43:38 INFO  [INFO] Resolving artifact: org.junit.platform:junit-platform-engine:jar:1.12.2:test (sources = true)
2026.08.18 17:43:38 INFO  [INFO] SUCCESS: org.junit.platform:junit-platform-engine:jar:1.12.2:test (sources = true)
2026.08.18 17:43:38 INFO  [INFO] Resolving artifact: org.springframework:spring-aop:jar:6.2.16:compile (sources = false)
2026.08.18 17:43:38 INFO  [INFO] SUCCESS: org.springframework:spring-aop:jar:6.2.16:compile (sources = false)
2026.08.18 17:43:38 INFO  [INFO] Resolving artifact: org.springframework:spring-aop:jar:6.2.16:compile (sources = true)
2026.08.18 17:43:38 INFO  [INFO] SUCCESS: org.springframework:spring-aop:jar:6.2.16:compile (sources = true)
2026.08.18 17:43:38 INFO  [INFO] Resolving artifact: org.springframework:spring-jcl:jar:6.2.16:compile (sources = false)
2026.08.18 17:43:38 INFO  [INFO] SUCCESS: org.springframework:spring-jcl:jar:6.2.16:compile (sources = false)
2026.08.18 17:43:38 INFO  [INFO] Resolving artifact: org.springframework:spring-jcl:jar:6.2.16:compile (sources = true)
2026.08.18 17:43:38 INFO  [INFO] SUCCESS: org.springframework:spring-jcl:jar:6.2.16:compile (sources = true)
2026.08.18 17:43:38 INFO  [INFO] Resolving artifact: com.mysql:mysql-connector-j:jar:9.6.0:runtime (sources = false)
2026.08.18 17:43:38 INFO  [INFO] SUCCESS: com.mysql:mysql-connector-j:jar:9.6.0:runtime (sources = false)
2026.08.18 17:43:38 INFO  [INFO] Resolving artifact: com.mysql:mysql-connector-j:jar:9.6.0:runtime (sources = true)
2026.08.18 17:43:38 INFO  [INFO] SUCCESS: com.mysql:mysql-connector-j:jar:9.6.0:runtime (sources = true)
2026.08.18 17:43:38 INFO  [INFO] Resolving artifact: org.springframework.boot:spring-boot-test-autoconfigure:jar:3.5.11:test (sources = false)
2026.08.18 17:43:38 INFO  [INFO] SUCCESS: org.springframework.boot:spring-boot-test-autoconfigure:jar:3.5.11:test (sources = false)
2026.08.18 17:43:38 INFO  [INFO] Resolving artifact: org.springframework.boot:spring-boot-test-autoconfigure:jar:3.5.11:test (sources = true)
2026.08.18 17:43:38 INFO  [INFO] SUCCESS: org.springframework.boot:spring-boot-test-autoconfigure:jar:3.5.11:test (sources = true)
2026.08.18 17:43:38 INFO  [INFO] Resolving artifact: com.fasterxml.jackson.core:jackson-annotations:jar:2.19.4:compile (sources = false)
2026.08.18 17:43:38 INFO  [INFO] SUCCESS: com.fasterxml.jackson.core:jackson-annotations:jar:2.19.4:compile (sources = false)
2026.08.18 17:43:38 INFO  [INFO] Resolving artifact: com.fasterxml.jackson.core:jackson-annotations:jar:2.19.4:compile (sources = true)
2026.08.18 17:43:38 INFO  [INFO] SUCCESS: com.fasterxml.jackson.core:jackson-annotations:jar:2.19.4:compile (sources = true)
2026.08.18 17:43:38 INFO  [INFO] Resolving artifact: org.eclipse.angus:angus-activation:jar:2.0.3:runtime (sources = false)
2026.08.18 17:43:38 INFO  [INFO] SUCCESS: org.eclipse.angus:angus-activation:jar:2.0.3:runtime (sources = false)
2026.08.18 17:43:38 INFO  [INFO] Resolving artifact: org.eclipse.angus:angus-activation:jar:2.0.3:runtime (sources = true)
2026.08.18 17:43:38 INFO  [INFO] SUCCESS: org.eclipse.angus:angus-activation:jar:2.0.3:runtime (sources = true)
2026.08.18 17:43:38 INFO  [INFO] Resolving artifact: com.vaadin.external.google:android-json:jar:0.0.20131108.vaadin1:test (sources = false)
2026.08.18 17:43:38 INFO  [INFO] SUCCESS: com.vaadin.external.google:android-json:jar:0.0.20131108.vaadin1:test (sources = false)
2026.08.18 17:43:38 INFO  [INFO] Resolving artifact: com.vaadin.external.google:android-json:jar:0.0.20131108.vaadin1:test (sources = true)
2026.08.18 17:43:38 INFO  [INFO] SUCCESS: com.vaadin.external.google:android-json:jar:0.0.20131108.vaadin1:test (sources = true)
2026.08.18 17:43:38 INFO  [INFO] Resolving artifact: org.apache.logging.log4j:log4j-api:jar:2.24.3:compile (sources = false)
2026.08.18 17:43:39 INFO  [INFO] SUCCESS: org.apache.logging.log4j:log4j-api:jar:2.24.3:compile (sources = false)
2026.08.18 17:43:39 INFO  [INFO] Resolving artifact: org.apache.logging.log4j:log4j-api:jar:2.24.3:compile (sources = true)
2026.08.18 17:43:39 INFO  [INFO] SUCCESS: org.apache.logging.log4j:log4j-api:jar:2.24.3:compile (sources = true)
2026.08.18 17:43:39 INFO  [INFO] Resolving artifact: net.bytebuddy:byte-buddy-agent:jar:1.17.8:test (sources = false)
2026.08.18 17:43:39 INFO  [INFO] SUCCESS: net.bytebuddy:byte-buddy-agent:jar:1.17.8:test (sources = false)
2026.08.18 17:43:39 INFO  [INFO] Resolving artifact: net.bytebuddy:byte-buddy-agent:jar:1.17.8:test (sources = true)
2026.08.18 17:43:39 INFO  [INFO] SUCCESS: net.bytebuddy:byte-buddy-agent:jar:1.17.8:test (sources = true)
2026.08.18 17:43:39 INFO  [INFO] Resolving artifact: org.springframework:spring-expression:jar:6.2.16:compile (sources = false)
2026.08.18 17:43:39 INFO  [INFO] SUCCESS: org.springframework:spring-expression:jar:6.2.16:compile (sources = false)
2026.08.18 17:43:39 INFO  [INFO] Resolving artifact: org.springframework:spring-expression:jar:6.2.16:compile (sources = true)
2026.08.18 17:43:39 INFO  [INFO] SUCCESS: org.springframework:spring-expression:jar:6.2.16:compile (sources = true)
2026.08.18 17:43:39 INFO  [INFO] Resolving artifact: io.micrometer:micrometer-commons:jar:1.15.9:compile (sources = false)
2026.08.18 17:43:39 INFO  [INFO] SUCCESS: io.micrometer:micrometer-commons:jar:1.15.9:compile (sources = false)
2026.08.18 17:43:39 INFO  [INFO] Resolving artifact: io.micrometer:micrometer-commons:jar:1.15.9:compile (sources = true)
2026.08.18 17:43:39 INFO  [INFO] SUCCESS: io.micrometer:micrometer-commons:jar:1.15.9:compile (sources = true)
2026.08.18 17:43:39 INFO  [INFO] Resolving artifact: com.zaxxer:HikariCP:jar:6.3.3:compile (sources = false)
2026.08.18 17:43:39 INFO  [INFO] SUCCESS: com.zaxxer:HikariCP:jar:6.3.3:compile (sources = false)
2026.08.18 17:43:39 INFO  [INFO] Resolving artifact: com.zaxxer:HikariCP:jar:6.3.3:compile (sources = true)
2026.08.18 17:43:39 INFO  [INFO] SUCCESS: com.zaxxer:HikariCP:jar:6.3.3:compile (sources = true)
2026.08.18 17:43:39 INFO  [INFO] Generated .bloop\redelog-api.json
2026.08.18 17:43:39 INFO  [INFO] Starting to write configuration for project: redelog-api with configuration: compile
2026.08.18 17:43:39 INFO  [INFO] Resolving artifact: org.springframework.boot:spring-boot-starter-jdbc:jar:3.5.11:compile (sources = false)
2026.08.18 17:43:39 INFO  [INFO] SUCCESS: org.springframework.boot:spring-boot-starter-jdbc:jar:3.5.11:compile (sources = false)
2026.08.18 17:43:39 INFO  [INFO] Resolving artifact: org.springframework.boot:spring-boot-starter-jdbc:jar:3.5.11:compile (sources = true)
2026.08.18 17:43:39 INFO  [INFO] SUCCESS: org.springframework.boot:spring-boot-starter-jdbc:jar:3.5.11:compile (sources = true)
2026.08.18 17:43:39 INFO  [INFO] Resolving artifact: jakarta.xml.bind:jakarta.xml.bind-api:jar:4.0.4:runtime (sources = false)
2026.08.18 17:43:39 INFO  [INFO] SUCCESS: jakarta.xml.bind:jakarta.xml.bind-api:jar:4.0.4:runtime (sources = false)
2026.08.18 17:43:39 INFO  [INFO] Resolving artifact: jakarta.xml.bind:jakarta.xml.bind-api:jar:4.0.4:runtime (sources = true)
2026.08.18 17:43:39 INFO  [INFO] SUCCESS: jakarta.xml.bind:jakarta.xml.bind-api:jar:4.0.4:runtime (sources = true)
2026.08.18 17:43:39 INFO  [INFO] Resolving artifact: org.springframework.boot:spring-boot-starter-logging:jar:3.5.11:compile (sources = false)
2026.08.18 17:43:39 INFO  [INFO] SUCCESS: org.springframework.boot:spring-boot-starter-logging:jar:3.5.11:compile (sources = false)
2026.08.18 17:43:39 INFO  [INFO] Resolving artifact: org.springframework.boot:spring-boot-starter-logging:jar:3.5.11:compile (sources = true)
2026.08.18 17:43:39 INFO  [INFO] SUCCESS: org.springframework.boot:spring-boot-starter-logging:jar:3.5.11:compile (sources = true)
2026.08.18 17:43:39 INFO  [INFO] Resolving artifact: org.hamcrest:hamcrest:jar:3.0:test (sources = false)
2026.08.18 17:43:39 INFO  [INFO] SUCCESS: org.hamcrest:hamcrest:jar:3.0:test (sources = false)
2026.08.18 17:43:39 INFO  [INFO] Resolving artifact: org.hamcrest:hamcrest:jar:3.0:test (sources = true)
2026.08.18 17:43:39 INFO  [INFO] SUCCESS: org.hamcrest:hamcrest:jar:3.0:test (sources = true)
2026.08.18 17:43:39 INFO  [INFO] Resolving artifact: org.yaml:snakeyaml:jar:2.4:compile (sources = false)
2026.08.18 17:43:39 INFO  [INFO] SUCCESS: org.yaml:snakeyaml:jar:2.4:compile (sources = false)
2026.08.18 17:43:39 INFO  [INFO] Resolving artifact: org.yaml:snakeyaml:jar:2.4:compile (sources = true)
2026.08.18 17:43:39 INFO  [INFO] SUCCESS: org.yaml:snakeyaml:jar:2.4:compile (sources = true)
2026.08.18 17:43:39 INFO  [INFO] Resolving artifact: org.springframework.boot:spring-boot-starter:jar:3.5.11:compile (sources = false)
2026.08.18 17:43:39 INFO  [INFO] SUCCESS: org.springframework.boot:spring-boot-starter:jar:3.5.11:compile (sources = false)
2026.08.18 17:43:39 INFO  [INFO] Resolving artifact: org.springframework.boot:spring-boot-starter:jar:3.5.11:compile (sources = true)
2026.08.18 17:43:39 INFO  [INFO] SUCCESS: org.springframework.boot:spring-boot-starter:jar:3.5.11:compile (sources = true)
2026.08.18 17:43:39 INFO  [INFO] Resolving artifact: net.minidev:json-smart:jar:2.5.2:test (sources = false)
2026.08.18 17:43:39 INFO  [INFO] SUCCESS: net.minidev:json-smart:jar:2.5.2:test (sources = false)
2026.08.18 17:43:39 INFO  [INFO] Resolving artifact: net.minidev:json-smart:jar:2.5.2:test (sources = true)
2026.08.18 17:43:39 INFO  [INFO] SUCCESS: net.minidev:json-smart:jar:2.5.2:test (sources = true)
2026.08.18 17:43:39 INFO  [INFO] Resolving artifact: com.sun.istack:istack-commons-runtime:jar:4.1.2:runtime (sources = false)
2026.08.18 17:43:39 INFO  [INFO] SUCCESS: com.sun.istack:istack-commons-runtime:jar:4.1.2:runtime (sources = false)
2026.08.18 17:43:39 INFO  [INFO] Resolving artifact: com.sun.istack:istack-commons-runtime:jar:4.1.2:runtime (sources = true)
2026.08.18 17:43:39 INFO  [INFO] SUCCESS: com.sun.istack:istack-commons-runtime:jar:4.1.2:runtime (sources = true)
2026.08.18 17:43:39 INFO  [INFO] Resolving artifact: org.objenesis:objenesis:jar:3.3:test (sources = false)
2026.08.18 17:43:39 INFO  [INFO] SUCCESS: org.objenesis:objenesis:jar:3.3:test (sources = false)
2026.08.18 17:43:39 INFO  [INFO] Resolving artifact: org.objenesis:objenesis:jar:3.3:test (sources = true)
2026.08.18 17:43:39 INFO  [INFO] SUCCESS: org.objenesis:objenesis:jar:3.3:test (sources = true)
2026.08.18 17:43:39 INFO  [INFO] Resolving artifact: org.springframework.boot:spring-boot-starter-web:jar:3.5.11:compile (sources = false)
2026.08.18 17:43:39 INFO  [INFO] SUCCESS: org.springframework.boot:spring-boot-starter-web:jar:3.5.11:compile (sources = false)
2026.08.18 17:43:39 INFO  [INFO] Resolving artifact: org.springframework.boot:spring-boot-starter-web:jar:3.5.11:compile (sources = true)
2026.08.18 17:43:39 INFO  [INFO] SUCCESS: org.springframework.boot:spring-boot-starter-web:jar:3.5.11:compile (sources = true)
2026.08.18 17:43:39 INFO  [INFO] Resolving artifact: org.apache.logging.log4j:log4j-to-slf4j:jar:2.24.3:compile (sources = false)
2026.08.18 17:43:39 INFO  [INFO] SUCCESS: org.apache.logging.log4j:log4j-to-slf4j:jar:2.24.3:compile (sources = false)
2026.08.18 17:43:39 INFO  [INFO] Resolving artifact: org.apache.logging.log4j:log4j-to-slf4j:jar:2.24.3:compile (sources = true)
2026.08.18 17:43:39 INFO  [INFO] SUCCESS: org.apache.logging.log4j:log4j-to-slf4j:jar:2.24.3:compile (sources = true)
2026.08.18 17:43:39 INFO  [INFO] Resolving artifact: org.antlr:antlr4-runtime:jar:4.13.0:compile (sources = false)
2026.08.18 17:43:39 INFO  [INFO] SUCCESS: org.antlr:antlr4-runtime:jar:4.13.0:compile (sources = false)
2026.08.18 17:43:39 INFO  [INFO] Resolving artifact: org.antlr:antlr4-runtime:jar:4.13.0:compile (sources = true)
2026.08.18 17:43:39 INFO  [INFO] SUCCESS: org.antlr:antlr4-runtime:jar:4.13.0:compile (sources = true)
2026.08.18 17:43:39 INFO  [INFO] Resolving artifact: org.junit.jupiter:junit-jupiter-params:jar:5.12.2:test (sources = false)
2026.08.18 17:43:39 INFO  [INFO] SUCCESS: org.junit.jupiter:junit-jupiter-params:jar:5.12.2:test (sources = false)
2026.08.18 17:43:39 INFO  [INFO] Resolving artifact: org.junit.jupiter:junit-jupiter-params:jar:5.12.2:test (sources = true)
2026.08.18 17:43:39 INFO  [INFO] SUCCESS: org.junit.jupiter:junit-jupiter-params:jar:5.12.2:test (sources = true)
2026.08.18 17:43:39 INFO  [INFO] Resolving artifact: org.slf4j:slf4j-api:jar:2.0.17:compile (sources = false)
2026.08.18 17:43:39 INFO  [INFO] SUCCESS: org.slf4j:slf4j-api:jar:2.0.17:compile (sources = false)
2026.08.18 17:43:39 INFO  [INFO] Resolving artifact: org.slf4j:slf4j-api:jar:2.0.17:compile (sources = true)
2026.08.18 17:43:39 INFO  [INFO] SUCCESS: org.slf4j:slf4j-api:jar:2.0.17:compile (sources = true)
2026.08.18 17:43:39 INFO  [INFO] Resolving artifact: org.hibernate.orm:hibernate-core:jar:6.6.42.Final:compile (sources = false)
2026.08.18 17:43:39 INFO  [INFO] SUCCESS: org.hibernate.orm:hibernate-core:jar:6.6.42.Final:compile (sources = false)
2026.08.18 17:43:39 INFO  [INFO] Resolving artifact: org.hibernate.orm:hibernate-core:jar:6.6.42.Final:compile (sources = true)
2026.08.18 17:43:39 INFO  [INFO] SUCCESS: org.hibernate.orm:hibernate-core:jar:6.6.42.Final:compile (sources = true)
2026.08.18 17:43:39 INFO  [INFO] Resolving artifact: ch.qos.logback:logback-core:jar:1.5.32:compile (sources = false)
2026.08.18 17:43:39 INFO  [INFO] SUCCESS: ch.qos.logback:logback-core:jar:1.5.32:compile (sources = false)
2026.08.18 17:43:39 INFO  [INFO] Resolving artifact: ch.qos.logback:logback-core:jar:1.5.32:compile (sources = true)
2026.08.18 17:43:39 INFO  [INFO] SUCCESS: ch.qos.logback:logback-core:jar:1.5.32:compile (sources = true)
2026.08.18 17:43:39 INFO  [INFO] Resolving artifact: org.springframework:spring-jdbc:jar:6.2.16:compile (sources = false)
2026.08.18 17:43:39 INFO  [INFO] SUCCESS: org.springframework:spring-jdbc:jar:6.2.16:compile (sources = false)
2026.08.18 17:43:39 INFO  [INFO] Resolving artifact: org.springframework:spring-jdbc:jar:6.2.16:compile (sources = true)
2026.08.18 17:43:39 INFO  [INFO] SUCCESS: org.springframework:spring-jdbc:jar:6.2.16:compile (sources = true)
2026.08.18 17:43:39 INFO  [INFO] Resolving artifact: net.minidev:accessors-smart:jar:2.5.2:test (sources = false)
2026.08.18 17:43:39 INFO  [INFO] SUCCESS: net.minidev:accessors-smart:jar:2.5.2:test (sources = false)
2026.08.18 17:43:39 INFO  [INFO] Resolving artifact: net.minidev:accessors-smart:jar:2.5.2:test (sources = true)
2026.08.18 17:43:39 INFO  [INFO] SUCCESS: net.minidev:accessors-smart:jar:2.5.2:test (sources = true)
2026.08.18 17:43:39 INFO  [INFO] Resolving artifact: com.h2database:h2:jar:2.3.232:runtime (sources = false)
2026.08.18 17:43:39 INFO  [INFO] SUCCESS: com.h2database:h2:jar:2.3.232:runtime (sources = false)
2026.08.18 17:43:39 INFO  [INFO] Resolving artifact: com.h2database:h2:jar:2.3.232:runtime (sources = true)
2026.08.18 17:43:39 INFO  [INFO] SUCCESS: com.h2database:h2:jar:2.3.232:runtime (sources = true)
2026.08.18 17:43:39 INFO  [INFO] Resolving artifact: org.springframework.boot:spring-boot-starter-tomcat:jar:3.5.11:compile (sources = false)
2026.08.18 17:43:39 INFO  [INFO] SUCCESS: org.springframework.boot:spring-boot-starter-tomcat:jar:3.5.11:compile (sources = false)
2026.08.18 17:43:39 INFO  [INFO] Resolving artifact: org.springframework.boot:spring-boot-starter-tomcat:jar:3.5.11:compile (sources = true)
2026.08.18 17:43:40 INFO  no build target found for C:\Project\spring.boot.redelog-api\src\main\java\com\redelog\api\service\EntregadorService.java. Using fallback presentation compiler.
2026.08.18 17:43:39 INFO  [INFO] SUCCESS: org.springframework.boot:spring-boot-starter-tomcat:jar:3.5.11:compile (sources = true)
2026.08.18 17:43:39 INFO  [INFO] Resolving artifact: org.assertj:assertj-core:jar:3.27.7:test (sources = false)
2026.08.18 17:43:39 INFO  [INFO] SUCCESS: org.assertj:assertj-core:jar:3.27.7:test (sources = false)
2026.08.18 17:43:39 INFO  [INFO] Resolving artifact: org.assertj:assertj-core:jar:3.27.7:test (sources = true)
2026.08.18 17:43:39 INFO  [INFO] SUCCESS: org.assertj:assertj-core:jar:3.27.7:test (sources = true)
2026.08.18 17:43:39 INFO  [INFO] Resolving artifact: org.mockito:mockito-junit-jupiter:jar:5.17.0:test (sources = false)
2026.08.18 17:43:39 INFO  [INFO] SUCCESS: org.mockito:mockito-junit-jupiter:jar:5.17.0:test (sources = false)
2026.08.18 17:43:39 INFO  [INFO] Resolving artifact: org.mockito:mockito-junit-jupiter:jar:5.17.0:test (sources = true)
2026.08.18 17:43:39 INFO  [INFO] SUCCESS: org.mockito:mockito-junit-jupiter:jar:5.17.0:test (sources = true)
2026.08.18 17:43:39 INFO  [INFO] Resolving artifact: org.mockito:mockito-core:jar:5.17.0:test (sources = false)
2026.08.18 17:43:39 INFO  [INFO] SUCCESS: org.mockito:mockito-core:jar:5.17.0:test (sources = false)
2026.08.18 17:43:39 INFO  [INFO] Resolving artifact: org.mockito:mockito-core:jar:5.17.0:test (sources = true)
2026.08.18 17:43:39 INFO  [INFO] SUCCESS: org.mockito:mockito-core:jar:5.17.0:test (sources = true)
2026.08.18 17:43:39 INFO  [INFO] Resolving artifact: org.ow2.asm:asm:jar:9.7.1:test (sources = false)
2026.08.18 17:43:39 INFO  [INFO] SUCCESS: org.ow2.asm:asm:jar:9.7.1:test (sources = false)
2026.08.18 17:43:39 INFO  [INFO] Resolving artifact: org.ow2.asm:asm:jar:9.7.1:test (sources = true)
2026.08.18 17:43:39 INFO  [INFO] SUCCESS: org.ow2.asm:asm:jar:9.7.1:test (sources = true)
2026.08.18 17:43:39 INFO  [INFO] Resolving artifact: org.junit.jupiter:junit-jupiter-api:jar:5.12.2:test (sources = false)
2026.08.18 17:43:39 INFO  [INFO] SUCCESS: org.junit.jupiter:junit-jupiter-api:jar:5.12.2:test (sources = false)
2026.08.18 17:43:39 INFO  [INFO] Resolving artifact: org.junit.jupiter:junit-jupiter-api:jar:5.12.2:test (sources = true)
2026.08.18 17:43:39 INFO  [INFO] SUCCESS: org.junit.jupiter:junit-jupiter-api:jar:5.12.2:test (sources = true)
2026.08.18 17:43:39 INFO  [INFO] Resolving artifact: org.springframework.boot:spring-boot-starter-test:jar:3.5.11:test (sources = false)
2026.08.18 17:43:39 INFO  [INFO] SUCCESS: org.springframework.boot:spring-boot-starter-test:jar:3.5.11:test (sources = false)
2026.08.18 17:43:39 INFO  [INFO] Resolving artifact: org.springframework.boot:spring-boot-starter-test:jar:3.5.11:test (sources = true)
2026.08.18 17:43:39 INFO  [INFO] SUCCESS: org.springframework.boot:spring-boot-starter-test:jar:3.5.11:test (sources = true)
2026.08.18 17:43:39 INFO  [INFO] Resolving artifact: org.slf4j:jul-to-slf4j:jar:2.0.17:compile (sources = false)
2026.08.18 17:43:39 INFO  [INFO] SUCCESS: org.slf4j:jul-to-slf4j:jar:2.0.17:compile (sources = false)
2026.08.18 17:43:39 INFO  [INFO] Resolving artifact: org.slf4j:jul-to-slf4j:jar:2.0.17:compile (sources = true)
2026.08.18 17:43:39 INFO  [INFO] SUCCESS: org.slf4j:jul-to-slf4j:jar:2.0.17:compile (sources = true)
2026.08.18 17:43:39 INFO  [INFO] Resolving artifact: com.fasterxml.jackson.datatype:jackson-datatype-jdk8:jar:2.19.4:compile (sources = false)
2026.08.18 17:43:39 INFO  [INFO] SUCCESS: com.fasterxml.jackson.datatype:jackson-datatype-jdk8:jar:2.19.4:compile (sources = false)
2026.08.18 17:43:39 INFO  [INFO] Resolving artifact: com.fasterxml.jackson.datatype:jackson-datatype-jdk8:jar:2.19.4:compile (sources = true)
2026.08.18 17:43:39 INFO  [INFO] SUCCESS: com.fasterxml.jackson.datatype:jackson-datatype-jdk8:jar:2.19.4:compile (sources = true)
2026.08.18 17:43:39 INFO  [INFO] Resolving artifact: com.fasterxml.jackson.module:jackson-module-parameter-names:jar:2.19.4:compile (sources = false)
2026.08.18 17:43:39 INFO  [INFO] SUCCESS: com.fasterxml.jackson.module:jackson-module-parameter-names:jar:2.19.4:compile (sources = false)
2026.08.18 17:43:39 INFO  [INFO] Resolving artifact: com.fasterxml.jackson.module:jackson-module-parameter-names:jar:2.19.4:compile (sources = true)
2026.08.18 17:43:39 INFO  [INFO] SUCCESS: com.fasterxml.jackson.module:jackson-module-parameter-names:jar:2.19.4:compile (sources = true)
2026.08.18 17:43:39 INFO  [INFO] Resolving artifact: org.springframework.data:spring-data-commons:jar:3.5.9:compile (sources = false)
2026.08.18 17:43:39 INFO  [INFO] SUCCESS: org.springframework.data:spring-data-commons:jar:3.5.9:compile (sources = false)
2026.08.18 17:43:39 INFO  [INFO] Resolving artifact: org.springframework.data:spring-data-commons:jar:3.5.9:compile (sources = true)
2026.08.18 17:43:39 INFO  [INFO] SUCCESS: org.springframework.data:spring-data-commons:jar:3.5.9:compile (sources = true)
2026.08.18 17:43:39 INFO  [INFO] Resolving artifact: org.apache.tomcat.embed:tomcat-embed-websocket:jar:10.1.52:compile (sources = false)
2026.08.18 17:43:39 INFO  [INFO] SUCCESS: org.apache.tomcat.embed:tomcat-embed-websocket:jar:10.1.52:compile (sources = false)
2026.08.18 17:43:39 INFO  [INFO] Resolving artifact: org.apache.tomcat.embed:tomcat-embed-websocket:jar:10.1.52:compile (sources = true)
2026.08.18 17:43:39 INFO  [INFO] SUCCESS: org.apache.tomcat.embed:tomcat-embed-websocket:jar:10.1.52:compile (sources = true)
2026.08.18 17:43:39 INFO  [INFO] Resolving artifact: jakarta.persistence:jakarta.persistence-api:jar:3.1.0:compile (sources = false)
2026.08.18 17:43:39 INFO  [INFO] SUCCESS: jakarta.persistence:jakarta.persistence-api:jar:3.1.0:compile (sources = false)
2026.08.18 17:43:39 INFO  [INFO] Resolving artifact: jakarta.persistence:jakarta.persistence-api:jar:3.1.0:compile (sources = true)
2026.08.18 17:43:39 INFO  [INFO] SUCCESS: jakarta.persistence:jakarta.persistence-api:jar:3.1.0:compile (sources = true)
2026.08.18 17:43:39 INFO  [INFO] Resolving artifact: org.opentest4j:opentest4j:jar:1.3.0:test (sources = false)
2026.08.18 17:43:39 INFO  [INFO] SUCCESS: org.opentest4j:opentest4j:jar:1.3.0:test (sources = false)
2026.08.18 17:43:39 INFO  [INFO] Resolving artifact: org.opentest4j:opentest4j:jar:1.3.0:test (sources = true)
2026.08.18 17:43:39 INFO  [INFO] SUCCESS: org.opentest4j:opentest4j:jar:1.3.0:test (sources = true)
2026.08.18 17:43:39 INFO  [INFO] Resolving artifact: ch.qos.logback:logback-classic:jar:1.5.32:compile (sources = false)
2026.08.18 17:43:39 INFO  [INFO] SUCCESS: ch.qos.logback:logback-classic:jar:1.5.32:compile (sources = false)
2026.08.18 17:43:39 INFO  [INFO] Resolving artifact: ch.qos.logback:logback-classic:jar:1.5.32:compile (sources = true)
2026.08.18 17:43:39 INFO  [INFO] SUCCESS: ch.qos.logback:logback-classic:jar:1.5.32:compile (sources = true)
2026.08.18 17:43:39 INFO  [INFO] Resolving artifact: org.apache.tomcat.embed:tomcat-embed-core:jar:10.1.52:compile (sources = false)
2026.08.18 17:43:39 INFO  [INFO] SUCCESS: org.apache.tomcat.embed:tomcat-embed-core:jar:10.1.52:compile (sources = false)
2026.08.18 17:43:39 INFO  [INFO] Resolving artifact: org.apache.tomcat.embed:tomcat-embed-core:jar:10.1.52:compile (sources = true)
2026.08.18 17:43:39 INFO  [INFO] SUCCESS: org.apache.tomcat.embed:tomcat-embed-core:jar:10.1.52:compile (sources = true)
2026.08.18 17:43:39 INFO  [INFO] Resolving artifact: org.springframework:spring-web:jar:6.2.16:compile (sources = false)
2026.08.18 17:43:39 INFO  [INFO] SUCCESS: org.springframework:spring-web:jar:6.2.16:compile (sources = false)
2026.08.18 17:43:39 INFO  [INFO] Resolving artifact: org.springframework:spring-web:jar:6.2.16:compile (sources = true)
2026.08.18 17:43:39 INFO  [INFO] SUCCESS: org.springframework:spring-web:jar:6.2.16:compile (sources = true)
2026.08.18 17:43:39 INFO  [INFO] Resolving artifact: org.springframework:spring-test:jar:6.2.16:test (sources = false)
2026.08.18 17:43:39 INFO  [INFO] SUCCESS: org.springframework:spring-test:jar:6.2.16:test (sources = false)
2026.08.18 17:43:39 INFO  [INFO] Resolving artifact: org.springframework:spring-test:jar:6.2.16:test (sources = true)
2026.08.18 17:43:39 INFO  [INFO] SUCCESS: org.springframework:spring-test:jar:6.2.16:test (sources = true)
2026.08.18 17:43:39 INFO  [INFO] Resolving artifact: io.smallrye:jandex:jar:3.2.0:runtime (sources = false)
2026.08.18 17:43:39 INFO  [INFO] SUCCESS: io.smallrye:jandex:jar:3.2.0:runtime (sources = false)
2026.08.18 17:43:39 INFO  [INFO] Resolving artifact: io.smallrye:jandex:jar:3.2.0:runtime (sources = true)
2026.08.18 17:43:39 INFO  [INFO] SUCCESS: io.smallrye:jandex:jar:3.2.0:runtime (sources = true)
2026.08.18 17:43:39 INFO  [INFO] Resolving artifact: org.junit.jupiter:junit-jupiter-engine:jar:5.12.2:test (sources = false)
2026.08.18 17:43:39 INFO  [INFO] SUCCESS: org.junit.jupiter:junit-jupiter-engine:jar:5.12.2:test (sources = false)
2026.08.18 17:43:39 INFO  [INFO] Resolving artifact: org.junit.jupiter:junit-jupiter-engine:jar:5.12.2:test (sources = true)
2026.08.18 17:43:39 INFO  [INFO] SUCCESS: org.junit.jupiter:junit-jupiter-engine:jar:5.12.2:test (sources = true)
2026.08.18 17:43:39 INFO  [INFO] Resolving artifact: org.springframework:spring-beans:jar:6.2.16:compile (sources = false)
2026.08.18 17:43:39 INFO  [INFO] SUCCESS: org.springframework:spring-beans:jar:6.2.16:compile (sources = false)
2026.08.18 17:43:39 INFO  [INFO] Resolving artifact: org.springframework:spring-beans:jar:6.2.16:compile (sources = true)
2026.08.18 17:43:39 INFO  [INFO] SUCCESS: org.springframework:spring-beans:jar:6.2.16:compile (sources = true)
2026.08.18 17:43:39 INFO  [INFO] Resolving artifact: org.apache.tomcat.embed:tomcat-embed-el:jar:10.1.52:compile (sources = false)
2026.08.18 17:43:39 INFO  [INFO] SUCCESS: org.apache.tomcat.embed:tomcat-embed-el:jar:10.1.52:compile (sources = false)
2026.08.18 17:43:39 INFO  [INFO] Resolving artifact: org.apache.tomcat.embed:tomcat-embed-el:jar:10.1.52:compile (sources = true)
2026.08.18 17:43:39 INFO  [INFO] SUCCESS: org.apache.tomcat.embed:tomcat-embed-el:jar:10.1.52:compile (sources = true)
2026.08.18 17:43:39 INFO  [INFO] Resolving artifact: org.skyscreamer:jsonassert:jar:1.5.3:test (sources = false)
2026.08.18 17:43:39 INFO  [INFO] SUCCESS: org.skyscreamer:jsonassert:jar:1.5.3:test (sources = false)
2026.08.18 17:43:39 INFO  [INFO] Resolving artifact: org.skyscreamer:jsonassert:jar:1.5.3:test (sources = true)
2026.08.18 17:43:39 INFO  [INFO] SUCCESS: org.skyscreamer:jsonassert:jar:1.5.3:test (sources = true)
2026.08.18 17:43:39 INFO  [INFO] Resolving artifact: org.springframework.data:spring-data-jpa:jar:3.5.9:compile (sources = false)
2026.08.18 17:43:39 INFO  [INFO] SUCCESS: org.springframework.data:spring-data-jpa:jar:3.5.9:compile (sources = false)
2026.08.18 17:43:39 INFO  [INFO] Resolving artifact: org.springframework.data:spring-data-jpa:jar:3.5.9:compile (sources = true)
2026.08.18 17:43:39 INFO  [INFO] SUCCESS: org.springframework.data:spring-data-jpa:jar:3.5.9:compile (sources = true)
2026.08.18 17:43:39 INFO  [INFO] Resolving artifact: org.glassfish.jaxb:jaxb-core:jar:4.0.6:runtime (sources = false)
2026.08.18 17:43:39 INFO  [INFO] SUCCESS: org.glassfish.jaxb:jaxb-core:jar:4.0.6:runtime (sources = false)
2026.08.18 17:43:39 INFO  [INFO] Resolving artifact: org.glassfish.jaxb:jaxb-core:jar:4.0.6:runtime (sources = true)
2026.08.18 17:43:39 INFO  [INFO] SUCCESS: org.glassfish.jaxb:jaxb-core:jar:4.0.6:runtime (sources = true)
2026.08.18 17:43:39 INFO  [INFO] Resolving artifact: org.springframework:spring-core:jar:6.2.16:compile (sources = false)
2026.08.18 17:43:39 INFO  [INFO] SUCCESS: org.springframework:spring-core:jar:6.2.16:compile (sources = false)
2026.08.18 17:43:39 INFO  [INFO] Resolving artifact: org.springframework:spring-core:jar:6.2.16:compile (sources = true)
2026.08.18 17:43:39 INFO  [INFO] SUCCESS: org.springframework:spring-core:jar:6.2.16:compile (sources = true)
2026.08.18 17:43:39 INFO  [INFO] Resolving artifact: com.fasterxml.jackson.core:jackson-core:jar:2.19.4:compile (sources = false)
2026.08.18 17:43:39 INFO  [INFO] SUCCESS: com.fasterxml.jackson.core:jackson-core:jar:2.19.4:compile (sources = false)
2026.08.18 17:43:39 INFO  [INFO] Resolving artifact: com.fasterxml.jackson.core:jackson-core:jar:2.19.4:compile (sources = true)
2026.08.18 17:43:39 INFO  [INFO] SUCCESS: com.fasterxml.jackson.core:jackson-core:jar:2.19.4:compile (sources = true)
2026.08.18 17:43:39 INFO  [INFO] Resolving artifact: org.projectlombok:lombok:jar:1.18.42:compile (sources = false)
2026.08.18 17:43:39 INFO  [INFO] SUCCESS: org.projectlombok:lombok:jar:1.18.42:compile (sources = false)
2026.08.18 17:43:39 INFO  [INFO] Resolving artifact: org.projectlombok:lombok:jar:1.18.42:compile (sources = true)
2026.08.18 17:43:39 INFO  [INFO] SUCCESS: org.projectlombok:lombok:jar:1.18.42:compile (sources = true)
2026.08.18 17:43:39 INFO  [INFO] Resolving artifact: jakarta.transaction:jakarta.transaction-api:jar:2.0.1:compile (sources = false)
2026.08.18 17:43:39 INFO  [INFO] SUCCESS: jakarta.transaction:jakarta.transaction-api:jar:2.0.1:compile (sources = false)
2026.08.18 17:43:39 INFO  [INFO] Resolving artifact: jakarta.transaction:jakarta.transaction-api:jar:2.0.1:compile (sources = true)
2026.08.18 17:43:39 INFO  [INFO] SUCCESS: jakarta.transaction:jakarta.transaction-api:jar:2.0.1:compile (sources = true)
2026.08.18 17:43:39 INFO  [INFO] Resolving artifact: org.springframework.boot:spring-boot-starter-data-jpa:jar:3.5.11:compile (sources = false)
2026.08.18 17:43:39 INFO  [INFO] SUCCESS: org.springframework.boot:spring-boot-starter-data-jpa:jar:3.5.11:compile (sources = false)
2026.08.18 17:43:39 INFO  [INFO] Resolving artifact: org.springframework.boot:spring-boot-starter-data-jpa:jar:3.5.11:compile (sources = true)
2026.08.18 17:43:39 INFO  [INFO] SUCCESS: org.springframework.boot:spring-boot-starter-data-jpa:jar:3.5.11:compile (sources = true)
2026.08.18 17:43:39 INFO  [INFO] Resolving artifact: jakarta.validation:jakarta.validation-api:jar:3.0.2:compile (sources = false)
2026.08.18 17:43:39 INFO  [INFO] SUCCESS: jakarta.validation:jakarta.validation-api:jar:3.0.2:compile (sources = false)
2026.08.18 17:43:39 INFO  [INFO] Resolving artifact: jakarta.validation:jakarta.validation-api:jar:3.0.2:compile (sources = true)
2026.08.18 17:43:39 INFO  [INFO] SUCCESS: jakarta.validation:jakarta.validation-api:jar:3.0.2:compile (sources = true)
2026.08.18 17:43:39 INFO  [INFO] Resolving artifact: org.springframework:spring-tx:jar:6.2.16:compile (sources = false)
2026.08.18 17:43:39 INFO  [INFO] SUCCESS: org.springframework:spring-tx:jar:6.2.16:compile (sources = false)
2026.08.18 17:43:39 INFO  [INFO] Resolving artifact: org.springframework:spring-tx:jar:6.2.16:compile (sources = true)
2026.08.18 17:43:39 INFO  [INFO] SUCCESS: org.springframework:spring-tx:jar:6.2.16:compile (sources = true)
2026.08.18 17:43:39 INFO  [INFO] Resolving artifact: org.springframework:spring-orm:jar:6.2.16:compile (sources = false)
2026.08.18 17:43:39 INFO  [INFO] SUCCESS: org.springframework:spring-orm:jar:6.2.16:compile (sources = false)
2026.08.18 17:43:39 INFO  [INFO] Resolving artifact: org.springframework:spring-orm:jar:6.2.16:compile (sources = true)
2026.08.18 17:43:39 INFO  [INFO] SUCCESS: org.springframework:spring-orm:jar:6.2.16:compile (sources = true)
2026.08.18 17:43:39 INFO  [INFO] Resolving artifact: org.springframework.boot:spring-boot-test:jar:3.5.11:test (sources = false)
2026.08.18 17:43:39 INFO  [INFO] SUCCESS: org.springframework.boot:spring-boot-test:jar:3.5.11:test (sources = false)
2026.08.18 17:43:39 INFO  [INFO] Resolving artifact: org.springframework.boot:spring-boot-test:jar:3.5.11:test (sources = true)
2026.08.18 17:43:39 INFO  [INFO] SUCCESS: org.springframework.boot:spring-boot-test:jar:3.5.11:test (sources = true)
2026.08.18 17:43:39 INFO  [INFO] Resolving artifact: com.fasterxml.jackson.datatype:jackson-datatype-jsr310:jar:2.19.4:compile (sources = false)
2026.08.18 17:43:39 INFO  [INFO] SUCCESS: com.fasterxml.jackson.datatype:jackson-datatype-jsr310:jar:2.19.4:compile (sources = false)
2026.08.18 17:43:39 INFO  [INFO] Resolving artifact: com.fasterxml.jackson.datatype:jackson-datatype-jsr310:jar:2.19.4:compile (sources = true)
2026.08.18 17:43:39 INFO  [INFO] SUCCESS: com.fasterxml.jackson.datatype:jackson-datatype-jsr310:jar:2.19.4:compile (sources = true)
2026.08.18 17:43:39 INFO  [INFO] Resolving artifact: org.hibernate.validator:hibernate-validator:jar:8.0.3.Final:compile (sources = false)
2026.08.18 17:43:39 INFO  [INFO] SUCCESS: org.hibernate.validator:hibernate-validator:jar:8.0.3.Final:compile (sources = false)
2026.08.18 17:43:39 INFO  [INFO] Resolving artifact: org.hibernate.validator:hibernate-validator:jar:8.0.3.Final:compile (sources = true)
2026.08.18 17:43:39 INFO  [INFO] SUCCESS: org.hibernate.validator:hibernate-validator:jar:8.0.3.Final:compile (sources = true)
ago. 18, 2026 5:43:40 PM org.eclipse.lsp4j.jsonrpc.RemoteEndpoint handleCancellation
ADVERTÊNCIA: Unmatched cancel notification for request id 22
2026.08.18 17:43:39 INFO  [INFO] Resolving artifact: org.glassfish.jaxb:txw2:jar:4.0.6:runtime (sources = false)
2026.08.18 17:43:39 INFO  [INFO] SUCCESS: org.glassfish.jaxb:txw2:jar:4.0.6:runtime (sources = false)
2026.08.18 17:43:39 INFO  [INFO] Resolving artifact: org.glassfish.jaxb:txw2:jar:4.0.6:runtime (sources = true)
2026.08.18 17:43:39 INFO  [INFO] SUCCESS: org.glassfish.jaxb:txw2:jar:4.0.6:runtime (sources = true)
2026.08.18 17:43:39 INFO  [INFO] Resolving artifact: org.xmlunit:xmlunit-core:jar:2.10.4:test (sources = false)
2026.08.18 17:43:39 INFO  [INFO] SUCCESS: org.xmlunit:xmlunit-core:jar:2.10.4:test (sources = false)
2026.08.18 17:43:39 INFO  [INFO] Resolving artifact: org.xmlunit:xmlunit-core:jar:2.10.4:test (sources = true)
2026.08.18 17:43:39 INFO  [INFO] SUCCESS: org.xmlunit:xmlunit-core:jar:2.10.4:test (sources = true)
2026.08.18 17:43:39 INFO  [INFO] Resolving artifact: org.springframework.boot:spring-boot:jar:3.5.11:compile (sources = false)
2026.08.18 17:43:39 INFO  [INFO] SUCCESS: org.springframework.boot:spring-boot:jar:3.5.11:compile (sources = false)
2026.08.18 17:43:39 INFO  [INFO] Resolving artifact: org.springframework.boot:spring-boot:jar:3.5.11:compile (sources = true)
2026.08.18 17:43:39 INFO  [INFO] SUCCESS: org.springframework.boot:spring-boot:jar:3.5.11:compile (sources = true)
2026.08.18 17:43:39 INFO  [INFO] Resolving artifact: jakarta.annotation:jakarta.annotation-api:jar:2.1.1:compile (sources = false)
2026.08.18 17:43:39 INFO  [INFO] SUCCESS: jakarta.annotation:jakarta.annotation-api:jar:2.1.1:compile (sources = false)
2026.08.18 17:43:39 INFO  [INFO] Resolving artifact: jakarta.annotation:jakarta.annotation-api:jar:2.1.1:compile (sources = true)
2026.08.18 17:43:39 INFO  [INFO] SUCCESS: jakarta.annotation:jakarta.annotation-api:jar:2.1.1:compile (sources = true)
2026.08.18 17:43:39 INFO  [INFO] Resolving artifact: org.awaitility:awaitility:jar:4.2.2:test (sources = false)
2026.08.18 17:43:39 INFO  [INFO] SUCCESS: org.awaitility:awaitility:jar:4.2.2:test (sources = false)
2026.08.18 17:43:39 INFO  [INFO] Resolving artifact: org.awaitility:awaitility:jar:4.2.2:test (sources = true)
2026.08.18 17:43:39 INFO  [INFO] SUCCESS: org.awaitility:awaitility:jar:4.2.2:test (sources = true)
2026.08.18 17:43:39 INFO  [INFO] Resolving artifact: org.springframework:spring-webmvc:jar:6.2.16:compile (sources = false)
2026.08.18 17:43:39 INFO  [INFO] SUCCESS: org.springframework:spring-webmvc:jar:6.2.16:compile (sources = false)
2026.08.18 17:43:39 INFO  [INFO] Resolving artifact: org.springframework:spring-webmvc:jar:6.2.16:compile (sources = true)
2026.08.18 17:43:39 INFO  [INFO] SUCCESS: org.springframework:spring-webmvc:jar:6.2.16:compile (sources = true)
2026.08.18 17:43:39 INFO  [INFO] Resolving artifact: org.springframework.boot:spring-boot-starter-json:jar:3.5.11:compile (sources = false)
2026.08.18 17:43:39 INFO  [INFO] SUCCESS: org.springframework.boot:spring-boot-starter-json:jar:3.5.11:compile (sources = false)
2026.08.18 17:43:39 INFO  [INFO] Resolving artifact: org.springframework.boot:spring-boot-starter-json:jar:3.5.11:compile (sources = true)
2026.08.18 17:43:39 INFO  [INFO] SUCCESS: org.springframework.boot:spring-boot-starter-json:jar:3.5.11:compile (sources = true)
2026.08.18 17:43:39 INFO  [INFO] Resolving artifact: com.fasterxml.jackson.core:jackson-databind:jar:2.19.4:compile (sources = false)
2026.08.18 17:43:39 INFO  [INFO] SUCCESS: com.fasterxml.jackson.core:jackson-databind:jar:2.19.4:compile (sources = false)
2026.08.18 17:43:39 INFO  [INFO] Resolving artifact: com.fasterxml.jackson.core:jackson-databind:jar:2.19.4:compile (sources = true)
2026.08.18 17:43:39 INFO  [INFO] SUCCESS: com.fasterxml.jackson.core:jackson-databind:jar:2.19.4:compile (sources = true)
2026.08.18 17:43:39 INFO  [INFO] Resolving artifact: jakarta.inject:jakarta.inject-api:jar:2.0.1:runtime (sources = false)
2026.08.18 17:43:39 INFO  [INFO] SUCCESS: jakarta.inject:jakarta.inject-api:jar:2.0.1:runtime (sources = false)
2026.08.18 17:43:39 INFO  [INFO] Resolving artifact: jakarta.inject:jakarta.inject-api:jar:2.0.1:runtime (sources = true)
2026.08.18 17:43:39 INFO  [INFO] SUCCESS: jakarta.inject:jakarta.inject-api:jar:2.0.1:runtime (sources = true)
2026.08.18 17:43:39 INFO  [INFO] Resolving artifact: org.junit.jupiter:junit-jupiter:jar:5.12.2:test (sources = false)
2026.08.18 17:43:39 INFO  [INFO] SUCCESS: org.junit.jupiter:junit-jupiter:jar:5.12.2:test (sources = false)
2026.08.18 17:43:39 INFO  [INFO] Resolving artifact: org.junit.jupiter:junit-jupiter:jar:5.12.2:test (sources = true)
2026.08.18 17:43:39 INFO  [INFO] SUCCESS: org.junit.jupiter:junit-jupiter:jar:5.12.2:test (sources = true)
2026.08.18 17:43:39 INFO  [INFO] Resolving artifact: org.springframework.boot:spring-boot-starter-validation:jar:3.5.11:compile (sources = false)
2026.08.18 17:43:39 INFO  [INFO] SUCCESS: org.springframework.boot:spring-boot-starter-validation:jar:3.5.11:compile (sources = false)
2026.08.18 17:43:39 INFO  [INFO] Resolving artifact: org.springframework.boot:spring-boot-starter-validation:jar:3.5.11:compile (sources = true)
2026.08.18 17:43:39 INFO  [INFO] SUCCESS: org.springframework.boot:spring-boot-starter-validation:jar:3.5.11:compile (sources = true)
2026.08.18 17:43:39 INFO  [INFO] Resolving artifact: org.springframework:spring-context:jar:6.2.16:compile (sources = false)
2026.08.18 17:43:39 INFO  [INFO] SUCCESS: org.springframework:spring-context:jar:6.2.16:compile (sources = false)
2026.08.18 17:43:39 INFO  [INFO] Resolving artifact: org.springframework:spring-context:jar:6.2.16:compile (sources = true)
2026.08.18 17:43:39 INFO  [INFO] SUCCESS: org.springframework:spring-context:jar:6.2.16:compile (sources = true)
2026.08.18 17:43:40 INFO  no build target found for C:\Project\spring.boot.redelog-api\src\main\java\com\redelog\api\service\EntregadorService.java. Using fallback presentation compiler.
2026.08.18 17:43:39 INFO  [INFO] Resolving artifact: org.aspectj:aspectjweaver:jar:1.9.25.1:compile (sources = false)
2026.08.18 17:43:39 INFO  [INFO] SUCCESS: org.aspectj:aspectjweaver:jar:1.9.25.1:compile (sources = false)
2026.08.18 17:43:39 INFO  [INFO] Resolving artifact: org.aspectj:aspectjweaver:jar:1.9.25.1:compile (sources = true)
2026.08.18 17:43:39 INFO  [INFO] SUCCESS: org.aspectj:aspectjweaver:jar:1.9.25.1:compile (sources = true)
2026.08.18 17:43:39 INFO  [INFO] Resolving artifact: org.springframework:spring-aspects:jar:6.2.16:compile (sources = false)
2026.08.18 17:43:39 INFO  [INFO] SUCCESS: org.springframework:spring-aspects:jar:6.2.16:compile (sources = false)
2026.08.18 17:43:39 INFO  [INFO] Resolving artifact: org.springframework:spring-aspects:jar:6.2.16:compile (sources = true)
2026.08.18 17:43:39 INFO  [INFO] SUCCESS: org.springframework:spring-aspects:jar:6.2.16:compile (sources = true)
2026.08.18 17:43:39 INFO  [INFO] Resolving artifact: org.springframework.boot:spring-boot-autoconfigure:jar:3.5.11:compile (sources = false)
2026.08.18 17:43:39 INFO  [INFO] SUCCESS: org.springframework.boot:spring-boot-autoconfigure:jar:3.5.11:compile (sources = false)
2026.08.18 17:43:39 INFO  [INFO] Resolving artifact: org.springframework.boot:spring-boot-autoconfigure:jar:3.5.11:compile (sources = true)
2026.08.18 17:43:39 INFO  [INFO] SUCCESS: org.springframework.boot:spring-boot-autoconfigure:jar:3.5.11:compile (sources = true)
2026.08.18 17:43:39 INFO  [INFO] Resolving artifact: org.junit.platform:junit-platform-commons:jar:1.12.2:test (sources = false)
2026.08.18 17:43:39 INFO  [INFO] SUCCESS: org.junit.platform:junit-platform-commons:jar:1.12.2:test (sources = false)
2026.08.18 17:43:39 INFO  [INFO] Resolving artifact: org.junit.platform:junit-platform-commons:jar:1.12.2:test (sources = true)
2026.08.18 17:43:39 INFO  [INFO] SUCCESS: org.junit.platform:junit-platform-commons:jar:1.12.2:test (sources = true)
2026.08.18 17:43:39 INFO  [INFO] Resolving artifact: net.bytebuddy:byte-buddy:jar:1.17.8:runtime (sources = false)
2026.08.18 17:43:39 INFO  [INFO] SUCCESS: net.bytebuddy:byte-buddy:jar:1.17.8:runtime (sources = false)
2026.08.18 17:43:39 INFO  [INFO] Resolving artifact: net.bytebuddy:byte-buddy:jar:1.17.8:runtime (sources = true)
2026.08.18 17:43:39 INFO  [INFO] SUCCESS: net.bytebuddy:byte-buddy:jar:1.17.8:runtime (sources = true)
2026.08.18 17:43:39 INFO  [INFO] Resolving artifact: io.micrometer:micrometer-observation:jar:1.15.9:compile (sources = false)
2026.08.18 17:43:40 INFO  no build target found for C:\Project\spring.boot.redelog-api\src\main\java\com\redelog\api\service\EntregaService.java. Using fallback presentation compiler.
2026.08.18 17:43:39 INFO  [INFO] SUCCESS: io.micrometer:micrometer-observation:jar:1.15.9:compile (sources = false)
2026.08.18 17:43:39 INFO  [INFO] Resolving artifact: io.micrometer:micrometer-observation:jar:1.15.9:compile (sources = true)
2026.08.18 17:43:39 INFO  [INFO] SUCCESS: io.micrometer:micrometer-observation:jar:1.15.9:compile (sources = true)
2026.08.18 17:43:39 INFO  [INFO] Resolving artifact: org.glassfish.jaxb:jaxb-runtime:jar:4.0.6:runtime (sources = false)
2026.08.18 17:43:39 INFO  [INFO] SUCCESS: org.glassfish.jaxb:jaxb-runtime:jar:4.0.6:runtime (sources = false)
2026.08.18 17:43:39 INFO  [INFO] Resolving artifact: org.glassfish.jaxb:jaxb-runtime:jar:4.0.6:runtime (sources = true)
2026.08.18 17:43:39 INFO  [INFO] SUCCESS: org.glassfish.jaxb:jaxb-runtime:jar:4.0.6:runtime (sources = true)
2026.08.18 17:43:39 INFO  [INFO] Resolving artifact: com.jayway.jsonpath:json-path:jar:2.9.0:test (sources = false)
2026.08.18 17:43:39 INFO  [INFO] SUCCESS: com.jayway.jsonpath:json-path:jar:2.9.0:test (sources = false)
2026.08.18 17:43:39 INFO  [INFO] Resolving artifact: com.jayway.jsonpath:json-path:jar:2.9.0:test (sources = true)
2026.08.18 17:43:39 INFO  [INFO] SUCCESS: com.jayway.jsonpath:json-path:jar:2.9.0:test (sources = true)
2026.08.18 17:43:39 INFO  [INFO] Resolving artifact: org.hibernate.common:hibernate-commons-annotations:jar:7.0.3.Final:runtime (sources = false)
2026.08.18 17:43:39 INFO  [INFO] SUCCESS: org.hibernate.common:hibernate-commons-annotations:jar:7.0.3.Final:runtime (sources = false)
2026.08.18 17:43:39 INFO  [INFO] Resolving artifact: org.hibernate.common:hibernate-commons-annotations:jar:7.0.3.Final:runtime (sources = true)
2026.08.18 17:43:39 INFO  [INFO] SUCCESS: org.hibernate.common:hibernate-commons-annotations:jar:7.0.3.Final:runtime (sources = true)
2026.08.18 17:43:39 INFO  [INFO] Resolving artifact: jakarta.activation:jakarta.activation-api:jar:2.1.4:runtime (sources = false)
2026.08.18 17:43:39 INFO  [INFO] SUCCESS: jakarta.activation:jakarta.activation-api:jar:2.1.4:runtime (sources = false)
2026.08.18 17:43:39 INFO  [INFO] Resolving artifact: jakarta.activation:jakarta.activation-api:jar:2.1.4:runtime (sources = true)
2026.08.18 17:43:39 INFO  [INFO] SUCCESS: jakarta.activation:jakarta.activation-api:jar:2.1.4:runtime (sources = true)
2026.08.18 17:43:39 INFO  [INFO] Resolving artifact: org.jboss.logging:jboss-logging:jar:3.6.2.Final:compile (sources = false)
2026.08.18 17:43:39 INFO  [INFO] SUCCESS: org.jboss.logging:jboss-logging:jar:3.6.2.Final:compile (sources = false)
2026.08.18 17:43:39 INFO  [INFO] Resolving artifact: org.jboss.logging:jboss-logging:jar:3.6.2.Final:compile (sources = true)
2026.08.18 17:43:39 INFO  [INFO] SUCCESS: org.jboss.logging:jboss-logging:jar:3.6.2.Final:compile (sources = true)
2026.08.18 17:43:39 INFO  [INFO] Resolving artifact: org.apiguardian:apiguardian-api:jar:1.1.2:test (sources = false)
2026.08.18 17:43:39 INFO  [INFO] SUCCESS: org.apiguardian:apiguardian-api:jar:1.1.2:test (sources = false)
2026.08.18 17:43:39 INFO  [INFO] Resolving artifact: org.apiguardian:apiguardian-api:jar:1.1.2:test (sources = true)
2026.08.18 17:43:39 INFO  [INFO] SUCCESS: org.apiguardian:apiguardian-api:jar:1.1.2:test (sources = true)
2026.08.18 17:43:39 INFO  [INFO] Resolving artifact: com.fasterxml:classmate:jar:1.7.3:compile (sources = false)
2026.08.18 17:43:39 INFO  [INFO] SUCCESS: com.fasterxml:classmate:jar:1.7.3:compile (sources = false)
2026.08.18 17:43:39 INFO  [INFO] Resolving artifact: com.fasterxml:classmate:jar:1.7.3:compile (sources = true)
2026.08.18 17:43:39 INFO  [INFO] SUCCESS: com.fasterxml:classmate:jar:1.7.3:compile (sources = true)
2026.08.18 17:43:39 INFO  [INFO] Resolving artifact: org.junit.platform:junit-platform-engine:jar:1.12.2:test (sources = false)
2026.08.18 17:43:40 INFO  [INFO] SUCCESS: org.junit.platform:junit-platform-engine:jar:1.12.2:test (sources = false)
2026.08.18 17:43:40 INFO  [INFO] Resolving artifact: org.junit.platform:junit-platform-engine:jar:1.12.2:test (sources = true)
2026.08.18 17:43:40 INFO  [INFO] SUCCESS: org.junit.platform:junit-platform-engine:jar:1.12.2:test (sources = true)
2026.08.18 17:43:40 INFO  [INFO] Resolving artifact: org.springframework:spring-aop:jar:6.2.16:compile (sources = false)
2026.08.18 17:43:40 INFO  [INFO] SUCCESS: org.springframework:spring-aop:jar:6.2.16:compile (sources = false)
2026.08.18 17:43:40 INFO  [INFO] Resolving artifact: org.springframework:spring-aop:jar:6.2.16:compile (sources = true)
2026.08.18 17:43:40 INFO  [INFO] SUCCESS: org.springframework:spring-aop:jar:6.2.16:compile (sources = true)
2026.08.18 17:43:40 INFO  [INFO] Resolving artifact: org.springframework:spring-jcl:jar:6.2.16:compile (sources = false)
2026.08.18 17:43:40 INFO  [INFO] SUCCESS: org.springframework:spring-jcl:jar:6.2.16:compile (sources = false)
2026.08.18 17:43:40 INFO  [INFO] Resolving artifact: org.springframework:spring-jcl:jar:6.2.16:compile (sources = true)
2026.08.18 17:43:40 INFO  [INFO] SUCCESS: org.springframework:spring-jcl:jar:6.2.16:compile (sources = true)
2026.08.18 17:43:40 INFO  [INFO] Resolving artifact: com.mysql:mysql-connector-j:jar:9.6.0:runtime (sources = false)
ago. 18, 2026 5:43:40 PM org.eclipse.lsp4j.jsonrpc.RemoteEndpoint handleCancellation
ADVERTÊNCIA: Unmatched cancel notification for request id 23
2026.08.18 17:43:40 INFO  [INFO] SUCCESS: com.mysql:mysql-connector-j:jar:9.6.0:runtime (sources = false)
2026.08.18 17:43:40 INFO  [INFO] Resolving artifact: com.mysql:mysql-connector-j:jar:9.6.0:runtime (sources = true)
2026.08.18 17:43:40 INFO  [INFO] SUCCESS: com.mysql:mysql-connector-j:jar:9.6.0:runtime (sources = true)
2026.08.18 17:43:40 INFO  [INFO] Resolving artifact: org.springframework.boot:spring-boot-test-autoconfigure:jar:3.5.11:test (sources = false)
2026.08.18 17:43:40 INFO  no build target found for C:\Project\spring.boot.redelog-api\src\main\java\com\redelog\api\service\EntregaService.java. Using fallback presentation compiler.
2026.08.18 17:43:40 INFO  [INFO] SUCCESS: org.springframework.boot:spring-boot-test-autoconfigure:jar:3.5.11:test (sources = false)
2026.08.18 17:43:40 INFO  [INFO] Resolving artifact: org.springframework.boot:spring-boot-test-autoconfigure:jar:3.5.11:test (sources = true)
2026.08.18 17:43:40 INFO  [INFO] SUCCESS: org.springframework.boot:spring-boot-test-autoconfigure:jar:3.5.11:test (sources = true)
2026.08.18 17:43:40 INFO  [INFO] Resolving artifact: com.fasterxml.jackson.core:jackson-annotations:jar:2.19.4:compile (sources = false)
2026.08.18 17:43:40 INFO  [INFO] SUCCESS: com.fasterxml.jackson.core:jackson-annotations:jar:2.19.4:compile (sources = false)
2026.08.18 17:43:40 INFO  [INFO] Resolving artifact: com.fasterxml.jackson.core:jackson-annotations:jar:2.19.4:compile (sources = true)
2026.08.18 17:43:40 INFO  [INFO] SUCCESS: com.fasterxml.jackson.core:jackson-annotations:jar:2.19.4:compile (sources = true)
2026.08.18 17:43:40 INFO  [INFO] Resolving artifact: org.eclipse.angus:angus-activation:jar:2.0.3:runtime (sources = false)
2026.08.18 17:43:40 INFO  [INFO] SUCCESS: org.eclipse.angus:angus-activation:jar:2.0.3:runtime (sources = false)
2026.08.18 17:43:40 INFO  [INFO] Resolving artifact: org.eclipse.angus:angus-activation:jar:2.0.3:runtime (sources = true)
2026.08.18 17:43:40 INFO  [INFO] SUCCESS: org.eclipse.angus:angus-activation:jar:2.0.3:runtime (sources = true)
2026.08.18 17:43:40 INFO  [INFO] Resolving artifact: com.vaadin.external.google:android-json:jar:0.0.20131108.vaadin1:test (sources = false)
2026.08.18 17:43:40 INFO  [INFO] SUCCESS: com.vaadin.external.google:android-json:jar:0.0.20131108.vaadin1:test (sources = false)
2026.08.18 17:43:40 INFO  [INFO] Resolving artifact: com.vaadin.external.google:android-json:jar:0.0.20131108.vaadin1:test (sources = true)
2026.08.18 17:43:40 INFO  [INFO] SUCCESS: com.vaadin.external.google:android-json:jar:0.0.20131108.vaadin1:test (sources = true)
2026.08.18 17:43:40 INFO  [INFO] Resolving artifact: org.apache.logging.log4j:log4j-api:jar:2.24.3:compile (sources = false)
2026.08.18 17:43:40 INFO  [INFO] SUCCESS: org.apache.logging.log4j:log4j-api:jar:2.24.3:compile (sources = false)
2026.08.18 17:43:40 INFO  [INFO] Resolving artifact: org.apache.logging.log4j:log4j-api:jar:2.24.3:compile (sources = true)
2026.08.18 17:43:40 INFO  [INFO] SUCCESS: org.apache.logging.log4j:log4j-api:jar:2.24.3:compile (sources = true)
2026.08.18 17:43:40 INFO  [INFO] Resolving artifact: net.bytebuddy:byte-buddy-agent:jar:1.17.8:test (sources = false)
2026.08.18 17:43:40 INFO  [INFO] SUCCESS: net.bytebuddy:byte-buddy-agent:jar:1.17.8:test (sources = false)
2026.08.18 17:43:40 INFO  [INFO] Resolving artifact: net.bytebuddy:byte-buddy-agent:jar:1.17.8:test (sources = true)
2026.08.18 17:43:40 INFO  [INFO] SUCCESS: net.bytebuddy:byte-buddy-agent:jar:1.17.8:test (sources = true)
2026.08.18 17:43:40 INFO  [INFO] Resolving artifact: org.springframework:spring-expression:jar:6.2.16:compile (sources = false)
2026.08.18 17:43:40 INFO  [INFO] SUCCESS: org.springframework:spring-expression:jar:6.2.16:compile (sources = false)
2026.08.18 17:43:40 INFO  [INFO] Resolving artifact: org.springframework:spring-expression:jar:6.2.16:compile (sources = true)
2026.08.18 17:43:40 INFO  [INFO] SUCCESS: org.springframework:spring-expression:jar:6.2.16:compile (sources = true)
2026.08.18 17:43:40 INFO  [INFO] Resolving artifact: io.micrometer:micrometer-commons:jar:1.15.9:compile (sources = false)
2026.08.18 17:43:40 INFO  [INFO] SUCCESS: io.micrometer:micrometer-commons:jar:1.15.9:compile (sources = false)
2026.08.18 17:43:40 INFO  [INFO] Resolving artifact: io.micrometer:micrometer-commons:jar:1.15.9:compile (sources = true)
2026.08.18 17:43:40 INFO  [INFO] SUCCESS: io.micrometer:micrometer-commons:jar:1.15.9:compile (sources = true)
2026.08.18 17:43:40 INFO  [INFO] Resolving artifact: com.zaxxer:HikariCP:jar:6.3.3:compile (sources = false)
2026.08.18 17:43:40 INFO  [INFO] SUCCESS: com.zaxxer:HikariCP:jar:6.3.3:compile (sources = false)
2026.08.18 17:43:40 INFO  [INFO] Resolving artifact: com.zaxxer:HikariCP:jar:6.3.3:compile (sources = true)
2026.08.18 17:43:40 INFO  [INFO] SUCCESS: com.zaxxer:HikariCP:jar:6.3.3:compile (sources = true)
2026.08.18 17:43:40 INFO  [INFO] Generated .bloop\redelog-api-test.json
2026.08.18 17:43:40 INFO  [INFO] Starting to write configuration for project: redelog-api with configuration: test
2026.08.18 17:43:40 INFO  [INFO] ------------------------------------------------------------------------
2026.08.18 17:43:40 INFO  [INFO] BUILD SUCCESS
2026.08.18 17:43:40 INFO  [INFO] ------------------------------------------------------------------------
2026.08.18 17:43:40 INFO  [INFO] Total time:  5.924 s
2026.08.18 17:43:40 INFO  [INFO] Finished at: 2026-08-18T17:43:41-03:00
2026.08.18 17:43:40 INFO  [INFO] ------------------------------------------------------------------------
2026.08.18 17:43:41 INFO  time: ran 'mvn bloopInstall' in 7.88s
2026.08.18 17:43:41 INFO  Attempting to connect to the build server...
2026.08.18 17:43:41 INFO  No running Bloop server found, starting one.
2026.08.18 17:43:41 INFO  no build target found for C:\Project\spring.boot.redelog-api\src\main\java\com\redelog\api\service\EntregaService.java. Using fallback presentation compiler.
2026.08.18 17:43:44 INFO  no build target found for C:\Project\spring.boot.redelog-api\src\main\java\com\redelog\api\service\EntregaService.java. Using fallback presentation compiler.
2026.08.18 17:43:44 INFO  no build target found for C:\Project\spring.boot.redelog-api\src\main\java\com\redelog\api\dto\EnderecoResponseDTO.java. Using fallback presentation compiler.
2026.08.18 17:43:44 INFO  no build target found for C:\Project\spring.boot.redelog-api\src\main\java\com\redelog\api\dto\EnderecoResponseDTO.java. Using fallback presentation compiler.
2026.08.18 17:43:44 INFO  no build target found for C:\Project\spring.boot.redelog-api\src\main\java\com\redelog\api\dto\EnderecoResponseDTO.java. Using fallback presentation compiler.
2026.08.18 17:43:46 INFO  Starting compilation server
2026.08.18 17:43:48 INFO  no build target found for C:\Project\spring.boot.redelog-api\src\main\java\com\redelog\api\dto\EnderecoResponseDTO.java. Using fallback presentation compiler.
2026.08.18 17:43:48 INFO  Tracing is disabled for protocol BSP. To enable tracing of incoming and outgoing JSON messages, create an empty file at C:\Project\spring.boot.redelog-api\.metals\bsp.trace.json or C:\Users\thiag\AppData\Local\scalameta\metals\cache\bsp.trace.json
2026.08.18 17:43:48 INFO  no build target found for C:\Project\spring.boot.redelog-api\src\main\java\com\redelog\api\dto\EnderecoResponseDTO.java. Using fallback presentation compiler.
2026.08.18 17:43:48 INFO  no build target found for C:\Project\spring.boot.redelog-api\src\main\java\com\redelog\api\dto\EnderecoResponseDTO.java. Using fallback presentation compiler.
2026.08.18 17:43:48 INFO  no build target found for C:\Project\spring.boot.redelog-api\src\main\java\com\redelog\api\dto\EnderecoResponseDTO.java. Using fallback presentation compiler.
2026.08.18 17:43:48 INFO  no build target found for C:\Project\spring.boot.redelog-api\src\main\java\com\redelog\api\dto\EnderecoResponseDTO.java. Using fallback presentation compiler.
2026.08.18 17:43:48 INFO  no build target found for C:\Project\spring.boot.redelog-api\src\main\java\com\redelog\api\dto\EnderecoResponseDTO.java. Using fallback presentation compiler.
2026.08.18 17:43:48 INFO  no build target found for C:\Project\spring.boot.redelog-api\src\main\java\com\redelog\api\dto\EnderecoResponseDTO.java. Using fallback presentation compiler.
2026.08.18 17:43:49 INFO  no build target found for C:\Project\spring.boot.redelog-api\src\main\java\com\redelog\api\dto\EnderecoResponseDTO.java. Using fallback presentation compiler.
2026.08.18 17:43:49 INFO  no build target found for C:\Project\spring.boot.redelog-api\src\main\java\com\redelog\api\dto\EnderecoResponseDTO.java. Using fallback presentation compiler.
2026.08.18 17:43:49 INFO  no build target found for C:\Project\spring.boot.redelog-api\src\main\java\com\redelog\api\dto\EnderecoResponseDTO.java. Using fallback presentation compiler.
2026.08.18 17:43:49 INFO  no build target found for C:\Project\spring.boot.redelog-api\src\main\java\com\redelog\api\dto\EnderecoResponseDTO.java. Using fallback presentation compiler.
2026.08.18 17:43:51 INFO  time: Connected to build server in 10s
2026.08.18 17:43:51 INFO  Connected to Build server: Bloop v2.1.1
2026.08.18 17:43:51 INFO  time: Imported build in 0.29s
2026.08.18 17:43:54 WARN  Using H2 2.4.240 which is newer than the version Flyway has been verified with. The latest verified version of H2 is 2.3.232.
2026.08.18 17:44:08 INFO  time: indexed workspace in 16s
2026.08.18 17:44:09 INFO  compiling redelog-api (38 java sources)
2026.08.18 17:44:13 INFO  compiling redelog-api-test (2 java sources)
2026.08.18 17:44:13 INFO  time: compiled redelog-api in 4.72s
2026.08.18 17:44:16 INFO  time: compiled redelog-api-test in 3.37s
2026.08.18 17:44:16 WARN  Could not load snapshot text for C:\Project\spring.boot.redelog-api\src\main\java\com\redelog\api\service\ClienteService.java
2026.08.18 17:44:16 WARN  Could not load snapshot text for C:\Project\spring.boot.redelog-api\src\main\java\com\redelog\api\service\EntregaService.java
2026.08.18 17:44:16 WARN  Could not load snapshot text for C:\Project\spring.boot.redelog-api\src\main\java\com\redelog\api\service\ClienteService.java
2026.08.18 17:44:37 INFO  Shutting down server
2026.08.18 17:44:37 INFO  Memory monitor stopped
2026.08.18 17:44:37 INFO  shutting down Metals
2026.08.18 17:44:37 INFO  Shut down connection with build server.
2026.08.18 17:44:37 INFO  Exiting server
2026.08.18 18:02:51 INFO  Started: Metals version 1.6.8 in folders 'C:\Project\spring.boot.redelog-api' for client Visual Studio Code 1.133.0.
2026.08.18 18:02:51 INFO  Memory monitor started
2026.08.18 18:02:52 WARN  Using H2 2.4.240 which is newer than the version Flyway has been verified with. The latest verified version of H2 is 2.3.232.
2026.08.18 18:02:52 INFO  no build target found for C:\Project\spring.boot.redelog-api\src\test\java\com\redelog\api\ApiIntegrationTests.java. Using fallback presentation compiler.
2026.08.18 18:02:52 INFO  no build target found for C:\Project\spring.boot.redelog-api\src\test\java\com\redelog\api\ApiIntegrationTests.java. Using fallback presentation compiler.
2026.08.18 18:02:53 INFO  Attempting to connect to the build server...
2026.08.18 18:02:53 INFO  Found a Bloop server running
2026.08.18 18:02:53 INFO  Tracing is disabled for protocol BSP. To enable tracing of incoming and outgoing JSON messages, create an empty file at C:\Project\spring.boot.redelog-api\.metals\bsp.trace.json or C:\Users\thiag\AppData\Local\scalameta\metals\cache\bsp.trace.json
2026.08.18 18:02:53 INFO  time: Connected to build server in 0.32s
2026.08.18 18:02:53 INFO  Connected to Build server: Bloop v2.1.1
2026.08.18 18:02:53 INFO  time: Imported build in 0.26s
2026.08.18 18:02:57 WARN  Using H2 2.4.240 which is newer than the version Flyway has been verified with. The latest verified version of H2 is 2.3.232.
2026.08.18 18:02:59 INFO  time: indexed workspace in 5.06s
2026.08.18 18:03:00 WARN  Could not load snapshot text for C:\Project\spring.boot.redelog-api\src\test\java\com\redelog\api\ApiIntegrationTests.java
2026.08.18 18:03:00 WARN  Could not load snapshot text for C:\Project\spring.boot.redelog-api\src\test\java\com\redelog\api\ApiIntegrationTests.java
2026.08.18 18:03:00 WARN  Could not load snapshot text for C:\Project\spring.boot.redelog-api\src\test\java\com\redelog\api\ApiIntegrationTests.java
2026.08.18 18:03:00 WARN  Could not load snapshot text for C:\Project\spring.boot.redelog-api\src\test\java\com\redelog\api\ApiIntegrationTests.java
ago. 18, 2026 6:09:49 PM org.eclipse.lsp4j.jsonrpc.services.GenericEndpoint notify
INFORMAÇÕES: Unsupported notification method: $/setTrace
ago. 18, 2026 9:01:56 PM org.eclipse.lsp4j.jsonrpc.services.GenericEndpoint notify
INFORMAÇÕES: Unsupported notification method: $/setTrace
2026.08.18 21:17:11 INFO  Shutting down server
2026.08.18 21:17:11 INFO  Memory monitor stopped
2026.08.18 21:17:11 INFO  shutting down Metals
2026.08.18 21:17:12 INFO  Shut down connection with build server.
2026.08.18 21:17:12 ERROR Bloop 'bsp' command exited with code 1. Something may be wrong with the current configuration.
Running the [1mclean[0m sub-command to clear the working directory and remove caches might help.
If the error persists, please report the issue as a bug and attach a log with increased verbosity by passing [1m-v -v -v[0m.
2026.08.18 21:17:11 INFO  Exiting server
2026.09.02 17:35:46 INFO  Started: Metals version 1.6.8 in folders 'C:\Project\spring.boot.redelog-api' for client Visual Studio Code 1.134.0.
2026.09.02 17:35:46 INFO  Memory monitor started
2026.09.02 17:35:48 WARN  Using H2 2.4.240 which is newer than the version Flyway has been verified with. The latest verified version of H2 is 2.3.232.
2026.09.02 17:35:49 INFO  Attempting to connect to the build server...
2026.09.02 17:35:49 INFO  No running Bloop server found, starting one.
2026.09.02 17:35:52 INFO  Starting compilation server
2026.09.02 17:35:58 INFO  Tracing is disabled for protocol BSP. To enable tracing of incoming and outgoing JSON messages, create an empty file at C:\Project\spring.boot.redelog-api\.metals\bsp.trace.json or C:\Users\thiag\AppData\Local\scalameta\metals\cache\bsp.trace.json
2026.09.02 17:36:01 INFO  time: Connected to build server in 11s
2026.09.02 17:36:01 INFO  Connected to Build server: Bloop v2.1.1
2026.09.02 17:36:02 INFO  time: Imported build in 0.49s
2026.09.02 17:36:21 WARN  Using H2 2.4.240 which is newer than the version Flyway has been verified with. The latest verified version of H2 is 2.3.232.
2026.09.02 17:36:26 INFO  time: indexed workspace in 24s
set. 02, 2026 5:43:57 PM org.eclipse.lsp4j.jsonrpc.RemoteEndpoint handleCancellation
ADVERTÊNCIA: Unmatched cancel notification for request id 1
2026.09.02 17:43:58 INFO  compiling redelog-api (3 java sources)
set. 02, 2026 5:44:01 PM org.eclipse.lsp4j.jsonrpc.RemoteEndpoint handleCancellation
ADVERTÊNCIA: Unmatched cancel notification for request id 8
set. 02, 2026 5:44:02 PM org.eclipse.lsp4j.jsonrpc.RemoteEndpoint handleCancellation
ADVERTÊNCIA: Unmatched cancel notification for request id 9
2026.09.02 17:44:03 INFO  time: compiled redelog-api in 4.41s
2026.09.02 17:44:03 INFO  compiling redelog-api (2 java sources)
2026.09.02 17:44:05 INFO  time: compiled redelog-api in 2.43s
2026.09.02 17:44:05 WARN  Could not load snapshot text for C:\Project\spring.boot.redelog-api\src\main\java\com\redelog\api\service\FilialService.java
2026.09.02 17:45:00 WARN  Could not load snapshot text for C:\Project\spring.boot.redelog-api\src\main\java\com\redelog\api\service\FilialService.java
2026.09.02 17:45:18 WARN  Could not load snapshot text for C:\Project\spring.boot.redelog-api\src\main\java\com\redelog\api\service\FilialService.java
set. 02, 2026 6:13:27 PM org.eclipse.lsp4j.jsonrpc.RemoteEndpoint handleCancellation
ADVERTÊNCIA: Unmatched cancel notification for request id 36
set. 02, 2026 6:13:34 PM org.eclipse.lsp4j.jsonrpc.RemoteEndpoint handleCancellation
ADVERTÊNCIA: Unmatched cancel notification for request id 45
set. 02, 2026 6:15:58 PM org.eclipse.lsp4j.jsonrpc.services.GenericEndpoint notify
INFORMAÇÕES: Unsupported notification method: $/setTrace
2026.09.02 18:17:08 WARN  Could not load snapshot text for C:\Project\spring.boot.redelog-api\src\main\java\com\redelog\api\service\FilialService.java
2026.09.02 18:28:58 WARN  Could not load snapshot text for C:\Project\spring.boot.redelog-api\src\main\java\com\redelog\api\service\FilialService.java
set. 02, 2026 6:30:14 PM org.eclipse.lsp4j.jsonrpc.RemoteEndpoint handleCancellation
ADVERTÊNCIA: Unmatched cancel notification for request id 87
2026.09.02 18:31:25 WARN  Could not load snapshot text for C:\Project\spring.boot.redelog-api\src\main\java\com\redelog\api\service\FilialService.java
2026.09.02 18:31:47 WARN  Could not load snapshot text for C:\Project\spring.boot.redelog-api\src\main\java\com\redelog\api\service\FilialService.java
2026.09.02 18:32:28 WARN  Could not load snapshot text for C:\Project\spring.boot.redelog-api\src\main\java\com\redelog\api\service\FilialService.java
set. 02, 2026 6:32:46 PM org.eclipse.lsp4j.jsonrpc.RemoteEndpoint handleNotification
ADVERTÊNCIA: Notification threw an exception: {
  "jsonrpc": "2.0",
  "method": "metals/didFocusTextDocument",
  "params": [
    "jdt://contents/java.base/jdk.internal.reflect/NativeMethodAccessorImpl.java?%3Dredelog-api%2FC%3A%5C%2FProgram%20Files%5C%2FJava%5C%2Fzulu17.54.21-ca-jdk17.0.13-win_x64%5C%2Flib%5C%2Fjrt-fs.jar%60java.base%3D%2Fjavadoc_location%3D%2Fhttps%3A%5C%2F%5C%2Fdocs.oracle.com%5C%2Fen%5C%2Fjava%5C%2Fjavase%5C%2F17%5C%2Fdocs%5C%2Fapi%5C%2F%3D%2F%3D%2Fmaven.pomderived%3D%2Ftrue%3D%2F%3Cjdk.internal.reflect%28NativeMethodAccessorImpl.class"
  ]
}
java.nio.file.FileSystemNotFoundException: Provider "jdt" not installed
	at java.base/java.nio.file.Path.of(Path.java:212)
	at java.base/java.nio.file.Paths.get(Paths.java:98)
	at scala.meta.internal.mtags.MtagsEnrichments$XtensionURIMtags.toAbsolutePath(MtagsEnrichments.scala:149)
	at scala.meta.internal.mtags.MtagsEnrichments$XtensionStringMtags.toAbsolutePath(MtagsEnrichments.scala:221)
	at scala.meta.internal.metals.MetalsEnrichments$XtensionString.toAbsolutePath(MetalsEnrichments.scala:787)
	at scala.meta.internal.metals.MetalsEnrichments$XtensionString.toAbsolutePath(MetalsEnrichments.scala:784)
	at scala.meta.internal.metals.WorkspaceLspService.didFocus(WorkspaceLspService.scala:808)
	at scala.meta.metals.lsp.DelegatingScalaService.didFocus(DelegatingScalaService.scala:42)
	at java.base/jdk.internal.reflect.NativeMethodAccessorImpl.invoke0(Native Method)
	at java.base/jdk.internal.reflect.NativeMethodAccessorImpl.invoke(NativeMethodAccessorImpl.java:77)
	at java.base/jdk.internal.reflect.DelegatingMethodAccessorImpl.invoke(DelegatingMethodAccessorImpl.java:43)
	at java.base/java.lang.reflect.Method.invoke(Method.java:569)
	at org.eclipse.lsp4j.jsonrpc.services.GenericEndpoint.lambda$recursiveFindRpcMethods$0(GenericEndpoint.java:65)
	at org.eclipse.lsp4j.jsonrpc.services.GenericEndpoint.notify(GenericEndpoint.java:160)
	at org.eclipse.lsp4j.jsonrpc.RemoteEndpoint.handleNotification(RemoteEndpoint.java:225)
	at org.eclipse.lsp4j.jsonrpc.RemoteEndpoint.consume(RemoteEndpoint.java:192)
	at org.eclipse.lsp4j.jsonrpc.json.StreamMessageProducer.handleMessage(StreamMessageProducer.java:189)
	at org.eclipse.lsp4j.jsonrpc.json.StreamMessageProducer.listen(StreamMessageProducer.java:97)
	at org.eclipse.lsp4j.jsonrpc.json.ConcurrentMessageProcessor.run(ConcurrentMessageProcessor.java:97)
	at java.base/java.util.concurrent.Executors$RunnableAdapter.call(Executors.java:539)
	at java.base/java.util.concurrent.FutureTask.run(FutureTask.java:264)
	at java.base/java.util.concurrent.ThreadPoolExecutor.runWorker(ThreadPoolExecutor.java:1136)
	at java.base/java.util.concurrent.ThreadPoolExecutor$Worker.run(ThreadPoolExecutor.java:635)
	at java.base/java.lang.Thread.run(Thread.java:840)

2026.09.02 18:33:10 WARN  Could not load snapshot text for C:\Project\spring.boot.redelog-api\src\main\java\com\redelog\api\service\FilialService.java
2026.09.02 18:33:21 WARN  Could not load snapshot text for C:\Project\spring.boot.redelog-api\src\main\java\com\redelog\api\service\FilialService.java
2026.09.02 18:34:52 WARN  Could not load snapshot text for C:\Project\spring.boot.redelog-api\src\main\java\com\redelog\api\service\FilialService.java
2026.09.02 18:35:27 WARN  Could not load snapshot text for C:\Project\spring.boot.redelog-api\src\main\java\com\redelog\api\service\FilialService.java
set. 02, 2026 6:35:38 PM org.eclipse.lsp4j.jsonrpc.RemoteEndpoint handleNotification
ADVERTÊNCIA: Notification threw an exception: {
  "jsonrpc": "2.0",
  "method": "metals/didFocusTextDocument",
  "params": [
    "jdt://contents/java.base/jdk.internal.reflect/NativeMethodAccessorImpl.java?%3Dredelog-api%2FC%3A%5C%2FProgram%20Files%5C%2FJava%5C%2Fzulu17.54.21-ca-jdk17.0.13-win_x64%5C%2Flib%5C%2Fjrt-fs.jar%60java.base%3D%2Fjavadoc_location%3D%2Fhttps%3A%5C%2F%5C%2Fdocs.oracle.com%5C%2Fen%5C%2Fjava%5C%2Fjavase%5C%2F17%5C%2Fdocs%5C%2Fapi%5C%2F%3D%2F%3D%2Fmaven.pomderived%3D%2Ftrue%3D%2F%3Cjdk.internal.reflect%28NativeMethodAccessorImpl.class"
  ]
}
java.nio.file.FileSystemNotFoundException: Provider "jdt" not installed
	at java.base/java.nio.file.Path.of(Path.java:212)
	at java.base/java.nio.file.Paths.get(Paths.java:98)
	at scala.meta.internal.mtags.MtagsEnrichments$XtensionURIMtags.toAbsolutePath(MtagsEnrichments.scala:149)
	at scala.meta.internal.mtags.MtagsEnrichments$XtensionStringMtags.toAbsolutePath(MtagsEnrichments.scala:221)
	at scala.meta.internal.metals.MetalsEnrichments$XtensionString.toAbsolutePath(MetalsEnrichments.scala:787)
	at scala.meta.internal.metals.MetalsEnrichments$XtensionString.toAbsolutePath(MetalsEnrichments.scala:784)
	at scala.meta.internal.metals.WorkspaceLspService.didFocus(WorkspaceLspService.scala:808)
	at scala.meta.metals.lsp.DelegatingScalaService.didFocus(DelegatingScalaService.scala:42)
	at java.base/jdk.internal.reflect.NativeMethodAccessorImpl.invoke0(Native Method)
	at java.base/jdk.internal.reflect.NativeMethodAccessorImpl.invoke(NativeMethodAccessorImpl.java:77)
	at java.base/jdk.internal.reflect.DelegatingMethodAccessorImpl.invoke(DelegatingMethodAccessorImpl.java:43)
	at java.base/java.lang.reflect.Method.invoke(Method.java:569)
	at org.eclipse.lsp4j.jsonrpc.services.GenericEndpoint.lambda$recursiveFindRpcMethods$0(GenericEndpoint.java:65)
	at org.eclipse.lsp4j.jsonrpc.services.GenericEndpoint.notify(GenericEndpoint.java:160)
	at org.eclipse.lsp4j.jsonrpc.RemoteEndpoint.handleNotification(RemoteEndpoint.java:225)
	at org.eclipse.lsp4j.jsonrpc.RemoteEndpoint.consume(RemoteEndpoint.java:192)
	at org.eclipse.lsp4j.jsonrpc.json.StreamMessageProducer.handleMessage(StreamMessageProducer.java:189)
	at org.eclipse.lsp4j.jsonrpc.json.StreamMessageProducer.listen(StreamMessageProducer.java:97)
	at org.eclipse.lsp4j.jsonrpc.json.ConcurrentMessageProcessor.run(ConcurrentMessageProcessor.java:97)
	at java.base/java.util.concurrent.Executors$RunnableAdapter.call(Executors.java:539)
	at java.base/java.util.concurrent.FutureTask.run(FutureTask.java:264)
	at java.base/java.util.concurrent.ThreadPoolExecutor.runWorker(ThreadPoolExecutor.java:1136)
	at java.base/java.util.concurrent.ThreadPoolExecutor$Worker.run(ThreadPoolExecutor.java:635)
	at java.base/java.lang.Thread.run(Thread.java:840)

2026.09.02 18:43:48 INFO  compiling redelog-api (1 java source)
2026.09.02 18:43:51 INFO  time: compiled redelog-api in 2.65s
2026.09.02 18:49:22 INFO  compiling redelog-api (1 java source)
2026.09.02 18:49:25 INFO  time: compiled redelog-api in 2.19s
2026.09.02 18:51:12 INFO  compiling redelog-api (2 java sources)
2026.09.02 18:51:14 INFO  time: compiled redelog-api in 2.36s
2026.09.02 18:52:57 INFO  compiling redelog-api-test (1 java source)
2026.09.02 18:53:00 INFO  time: compiled redelog-api-test in 3.33s
2026.09.02 18:53:20 INFO  compiling redelog-api-test (1 java source)
2026.09.02 18:53:23 INFO  time: compiled redelog-api-test in 2.62s
2026.09.02 18:54:10 INFO  compiling redelog-api-test (1 java source)
2026.09.02 18:54:13 INFO  time: compiled redelog-api-test in 2.47s
2026.09.02 19:02:30 INFO  compiling redelog-api (1 java source)
2026.09.02 19:02:33 INFO  time: compiled redelog-api in 2.46s
2026.09.02 19:06:41 INFO  compiling redelog-api (1 java source)
2026.09.02 19:06:43 INFO  time: compiled redelog-api in 2.07s
2026.09.02 19:06:43 INFO  compiling redelog-api (1 java source)
2026.09.02 19:06:46 INFO  time: compiled redelog-api in 2.11s
2026.09.02 19:10:25 INFO  compiling redelog-api (1 java source)
2026.09.02 19:10:27 INFO  time: compiled redelog-api in 2.46s
2026.09.02 19:10:27 INFO  compiling redelog-api (1 java source)
2026.09.02 19:10:29 INFO  time: compiled redelog-api in 1.91s
2026.09.02 19:16:09 INFO  compiling redelog-api (1 java source)
2026.09.02 19:16:13 INFO  time: compiled redelog-api in 3.8s
2026.09.02 19:16:53 INFO  compiling redelog-api (1 java source)
2026.09.02 19:16:55 INFO  time: compiled redelog-api in 2.21s
2026.09.02 19:22:03 INFO  compiling redelog-api (1 java source)
2026.09.02 19:22:06 INFO  time: compiled redelog-api in 2.81s
2026.09.02 19:22:06 INFO  compiling redelog-api (1 java source)
2026.09.02 19:22:08 INFO  time: compiled redelog-api in 2.12s
2026.09.02 19:22:46 INFO  compiling redelog-api (1 java source)
2026.09.02 19:22:49 INFO  time: compiled redelog-api in 2.2s
2026.09.02 19:26:11 INFO  compiling redelog-api (1 java source)
2026.09.02 19:26:14 INFO  time: compiled redelog-api in 2.33s
2026.09.02 19:26:14 INFO  compiling redelog-api (1 java source)
2026.09.02 19:26:16 INFO  time: compiled redelog-api in 2.47s
2026.09.02 19:26:16 INFO  compiling redelog-api (1 java source)
2026.09.02 19:26:20 INFO  time: compiled redelog-api in 3.67s
2026.09.02 19:26:20 INFO  compiling redelog-api (1 java source)
2026.09.02 19:26:23 INFO  time: compiled redelog-api in 2.58s
2026.09.02 19:26:23 INFO  compiling redelog-api (2 java sources)
2026.09.02 19:26:25 INFO  compiling redelog-api-test (1 java source)
2026.09.02 19:26:25 INFO  time: compiled redelog-api in 2.41s
2026.09.02 19:26:28 INFO  time: compiled redelog-api-test in 2.49s
